iso3,month,year,need_score,displaced_monthly,inform_risk_score,lack_coping_capacity,max_severity,peak_wind_score,funding_usd
BHS,2019-01-01,2019,0.04924765311280603,1.92,2.2,3.1,0.0,0.0,0.0
BHS,2019-02-01,2019,0.04924765311280603,1.92,2.2,3.1,0.0,0.0,0.0
BHS,2019-03-01,2019,0.04924765311280603,1.92,2.2,3.1,0.0,0.0,19800.0
BHS,2019-04-01,2019,0.04924765311280603,1.92,2.2,3.1,0.0,0.0,0.0
BHS,2019-05-01,2019,0.04924765311280603,1.92,2.2,3.1,0.0,0.0,0.0
BHS,2019-06-01,2019,0.04924765311280603,1.92,2.2,3.1,0.0,0.0,0.0
BHS,2019-07-01,2019,0.0560320747140801,1.92,2.2,3.1,0.0,0.1562,0.0
BHS,2019-08-01,2019,0.0853501578181774,1.92,2.2,3.1,0.0,0.8312,0.0
BHS,2019-09-01,2019,0.1922330302664183,1.92,2.2,3.1,0.6876,1.0,1202150.0
BHS,2019-10-01,2019,0.04924765311280603,1.92,2.2,3.1,0.0,0.0,1233277.0
BHS,2019-11-01,2019,0.04924765311280603,1.92,2.2,3.1,0.0,0.0,0.0
BHS,2019-12-01,2019,0.04924765311280603,1.92,2.2,3.1,0.0,0.0,0.0
BHS,2020-01-01,2020,0.05435566567259033,2.33,2.3,3.1,0.0,0.0,142679.0
BHS,2020-02-01,2020,0.05435566567259033,2.33,2.3,3.1,0.0,0.0,0.0
BHS,2020-03-01,2020,0.05435566567259033,2.33,2.3,3.1,0.0,0.0,0.0
BHS,2020-04-01,2020,0.05435566567259033,2.33,2.3,3.1,0.0,0.0,0.0
BHS,2020-05-01,2020,0.05435566567259033,2.33,2.3,3.1,0.0,0.0,0.0
BHS,2020-06-01,2020,0.05435566567259033,2.33,2.3,3.1,0.0,0.0,0.0
BHS,2020-07-01,2020,0.07417034643124097,2.33,2.3,3.1,0.0,0.4562,0.0
BHS,2020-08-01,2020,0.07471761731585079,2.33,2.3,3.1,0.0,0.4688,286286.0
BHS,2020-09-01,2020,0.06249957764595068,2.33,2.3,3.1,0.0,0.1875,0.0
BHS,2020-10-01,2020,0.05435566567259033,2.33,2.3,3.1,0.0,0.0,0.0
BHS,2020-11-01,2020,0.06928834266694388,2.33,2.3,3.1,0.0,0.3438,0.0
BHS,2020-12-01,2020,0.05435566567259033,2.33,2.3,3.1,0.0,0.0,0.0
BHS,2021-01-01,2021,0.059251654713446275,1.92,2.3,3.2,0.0,0.0,0.0
BHS,2021-02-01,2021,0.059251654713446275,1.92,2.3,3.2,0.0,0.0,0.0
BHS,2021-03-01,2021,0.059251654713446275,1.92,2.3,3.2,0.0,0.0,0.0
BHS,2021-04-01,2021,0.059251654713446275,1.92,2.3,3.2,0.0,0.0,174091.0
BHS,2021-05-01,2021,0.059251654713446275,1.92,2.3,3.2,0.0,0.0,0.0
BHS,2021-06-01,2021,0.059251654713446275,1.92,2.3,3.2,0.0,0.0,0.0
BHS,2021-07-01,2021,0.059251654713446275,1.92,2.3,3.2,0.0,0.0,0.0
BHS,2021-08-01,2021,0.06875505705889293,1.92,2.3,3.2,0.0,0.2188,0.0
BHS,2021-09-01,2021,0.059251654713446275,1.92,2.3,3.2,0.0,0.0,0.0
BHS,2021-10-01,2021,0.059251654713446275,1.92,2.3,3.2,0.0,0.0,0.0
BHS,2021-11-01,2021,0.059251654713446275,1.92,2.3,3.2,0.0,0.0,0.0
BHS,2021-12-01,2021,0.059251654713446275,1.92,2.3,3.2,0.0,0.0,0.0
BHS,2022-01-01,2022,0.04926950095472475,3.42,2.2,3.1,0.0,0.0,0.0
BHS,2022-02-01,2022,0.04926950095472475,3.42,2.2,3.1,0.0,0.0,0.0
BHS,2022-03-01,2022,0.04926950095472475,3.42,2.2,3.1,0.0,0.0,0.0
BHS,2022-04-01,2022,0.04926950095472475,3.42,2.2,3.1,0.0,0.0,0.0
BHS,2022-05-01,2022,0.04926950095472475,3.42,2.2,3.1,0.0,0.0,0.0
BHS,2022-06-01,2022,0.04926950095472475,3.42,2.2,3.1,0.0,0.0,0.0
BHS,2022-07-01,2022,0.04926950095472475,3.42,2.2,3.1,0.0,0.0,0.0
BHS,2022-08-01,2022,0.04926950095472475,3.42,2.2,3.1,0.0,0.0,0.0
BHS,2022-09-01,2022,0.04926950095472475,3.42,2.2,3.1,0.0,0.0,0.0
BHS,2022-10-01,2022,0.04926950095472475,3.42,2.2,3.1,0.0,0.0,0.0
BHS,2022-11-01,2022,0.06691247185381263,3.42,2.2,3.1,0.0,0.4062,0.0
BHS,2022-12-01,2022,0.04926950095472475,3.42,2.2,3.1,0.0,0.0,0.0
BHS,2023-01-01,2023,0.05435930697957678,2.58,2.3,3.1,0.0,0.0,0.0
BHS,2023-02-01,2023,0.05435930697957678,2.58,2.3,3.1,0.0,0.0,0.0
BHS,2023-03-01,2023,0.05435930697957678,2.58,2.3,3.1,0.0,0.0,0.0
BHS,2023-04-01,2023,0.05435930697957678,2.58,2.3,3.1,0.0,0.0,0.0
BHS,2023-05-01,2023,0.05435930697957678,2.58,2.3,3.1,0.0,0.0,0.0
BHS,2023-06-01,2023,0.05435930697957678,2.58,2.3,3.1,0.0,0.0,0.0
BHS,2023-07-01,2023,0.05435930697957678,2.58,2.3,3.1,0.0,0.0,0.0
BHS,2023-08-01,2023,0.05435930697957678,2.58,2.3,3.1,0.0,0.0,0.0
BHS,2023-09-01,2023,0.05435930697957678,2.58,2.3,3.1,0.0,0.0,373731.0
BHS,2023-10-01,2023,0.05435930697957678,2.58,2.3,3.1,0.0,0.0,0.0
BHS,2023-11-01,2023,0.05435930697957678,2.58,2.3,3.1,0.0,0.0,0.0
BHS,2023-12-01,2023,0.05435930697957678,2.58,2.3,3.1,0.0,0.0,0.0
BHS,2024-01-01,2024,0.06416206332996856,2.5,2.3,3.3,0.0,0.0,0.0
BHS,2024-02-01,2024,0.06416206332996856,2.5,2.3,3.3,0.0,0.0,0.0
BHS,2024-03-01,2024,0.06416206332996856,2.5,2.3,3.3,0.0,0.0,0.0
BHS,2024-04-01,2024,0.06416206332996856,2.5,2.3,3.3,0.0,0.0,0.0
BHS,2024-05-01,2024,0.06416206332996856,2.5,2.3,3.3,0.0,0.0,0.0
BHS,2024-06-01,2024,0.06416206332996856,2.5,2.3,3.3,0.0,0.0,4627282.0
BHS,2024-07-01,2024,0.06416206332996856,2.5,2.3,3.3,0.0,0.0,0.0
BHS,2024-08-01,2024,0.07094648493124263,2.5,2.3,3.3,0.0,0.1562,0.0
BHS,2024-09-01,2024,0.06416206332996856,2.5,2.3,3.3,0.0,0.0,0.0
BHS,2024-10-01,2024,0.08316452460114274,2.5,2.3,3.3,0.0,0.4375,0.0
BHS,2024-11-01,2024,0.06416206332996856,2.5,2.3,3.3,0.0,0.0,515693.0
BHS,2024-12-01,2024,0.06416206332996856,2.5,2.3,3.3,0.0,0.0,0.0
BLZ,2019-01-01,2019,0.21112086483377152,181.08,3.4,5.1,0.0,0.0,0.0
BLZ,2019-02-01,2019,0.21112086483377152,181.08,3.4,5.1,0.0,0.0,0.0
BLZ,2019-03-01,2019,0.21112086483377152,181.08,3.4,5.1,0.0,0.0,0.0
BLZ,2019-04-01,2019,0.21112086483377152,181.08,3.4,5.1,0.0,0.0,0.0
BLZ,2019-05-01,2019,0.21112086483377152,181.08,3.4,5.1,0.0,0.0,0.0
BLZ,2019-06-01,2019,0.21112086483377152,181.08,3.4,5.1,0.0,0.0,0.0
BLZ,2019-07-01,2019,0.21112086483377152,181.08,3.4,5.1,0.0,0.0,0.0
BLZ,2019-08-01,2019,0.21112086483377152,181.08,3.4,5.1,0.0,0.0,0.0
BLZ,2019-09-01,2019,0.21112086483377152,181.08,3.4,5.1,0.0,0.0,0.0
BLZ,2019-10-01,2019,0.21112086483377152,181.08,3.4,5.1,0.0,0.0,0.0
BLZ,2019-11-01,2019,0.21112086483377152,181.08,3.4,5.1,0.0,0.0,0.0
BLZ,2019-12-01,2019,0.21112086483377152,181.08,3.4,5.1,0.0,0.0,0.0
BLZ,2020-01-01,2020,0.2061462697619709,189.83,3.3,5.1,0.0,0.0,0.0
BLZ,2020-02-01,2020,0.2061462697619709,189.83,3.3,5.1,0.0,0.0,0.0
BLZ,2020-03-01,2020,0.2061462697619709,189.83,3.3,5.1,0.0,0.0,0.0
BLZ,2020-04-01,2020,0.2061462697619709,189.83,3.3,5.1,0.0,0.0,0.0
BLZ,2020-05-01,2020,0.2061462697619709,189.83,3.3,5.1,0.0,0.0,32635.0
BLZ,2020-06-01,2020,0.2061462697619709,189.83,3.3,5.1,0.0,0.0,0.0
BLZ,2020-07-01,2020,0.2061462697619709,189.83,3.3,5.1,0.0,0.0,300000.0
BLZ,2020-08-01,2020,0.2061462697619709,189.83,3.3,5.1,0.0,0.0,286286.0
BLZ,2020-09-01,2020,0.22378924066105876,189.83,3.3,5.1,0.0,0.4062,0.0
BLZ,2020-10-01,2020,0.2061462697619709,189.83,3.3,5.1,0.0,0.0,0.0
BLZ,2020-11-01,2020,0.2662230035103421,189.83,3.3,5.1,0.3587,0.1875,124500.0
BLZ,2020-12-01,2020,0.2061462697619709,189.83,3.3,5.1,0.0,0.0,0.0
BLZ,2021-01-01,2021,0.2263395959150762,175.08,3.7,5.1,0.0,0.0,0.0
BLZ,2021-02-01,2021,0.2263395959150762,175.08,3.7,5.1,0.0,0.0,0.0
BLZ,2021-03-01,2021,0.2263395959150762,175.08,3.7,5.1,0.0,0.0,0.0
BLZ,2021-04-01,2021,0.2263395959150762,175.08,3.7,5.1,0.0,0.0,0.0
BLZ,2021-05-01,2021,0.2263395959150762,175.08,3.7,5.1,0.0,0.0,0.0
BLZ,2021-06-01,2021,0.2263395959150762,175.08,3.7,5.1,0.0,0.0,0.0
BLZ,2021-07-01,2021,0.2263395959150762,175.08,3.7,5.1,0.0,0.0,0.0
BLZ,2021-08-01,2021,0.2263395959150762,175.08,3.7,5.1,0.0,0.0,0.0
BLZ,2021-09-01,2021,0.2263395959150762,175.08,3.7,5.1,0.0,0.0,0.0
BLZ,2021-10-01,2021,0.2263395959150762,175.08,3.7,5.1,0.0,0.0,0.0
BLZ,2021-11-01,2021,0.2263395959150762,175.08,3.7,5.1,0.0,0.0,0.0
BLZ,2021-12-01,2021,0.2263395959150762,175.08,3.7,5.1,0.0,0.0,0.0
BLZ,2022-01-01,2022,0.21126516004275186,177.25,3.5,5.0,0.0,0.0,0.0
BLZ,2022-02-01,2022,0.21126516004275186,177.25,3.5,5.0,0.0,0.0,11616379.0
BLZ,2022-03-01,2022,0.21126516004275186,177.25,3.5,5.0,0.0,0.0,0.0
BLZ,2022-04-01,2022,0.21126516004275186,177.25,3.5,5.0,0.0,0.0,0.0
BLZ,2022-05-01,2022,0.21126516004275186,177.25,3.5,5.0,0.0,0.0,1000000.0
BLZ,2022-06-01,2022,0.21126516004275186,177.25,3.5,5.0,0.0,0.0,1850000.0
BLZ,2022-07-01,2022,0.21126516004275186,177.25,3.5,5.0,0.0,0.0,0.0
BLZ,2022-08-01,2022,0.21126516004275186,177.25,3.5,5.0,0.0,0.0,0.0
BLZ,2022-09-01,2022,0.21126516004275186,177.25,3.5,5.0,0.0,0.0,0.0
BLZ,2022-10-01,2022,0.21126516004275186,177.25,3.5,5.0,0.0,0.0,0.0
BLZ,2022-11-01,2022,0.28989553502465426,177.25,3.5,5.0,0.3931,0.5,23493.0
BLZ,2022-12-01,2022,0.21126516004275186,177.25,3.5,5.0,0.0,0.0,0.0
BLZ,2023-01-01,2023,0.21173814624650655,182.25,3.7,4.8,0.0,0.0,0.0
BLZ,2023-02-01,2023,0.21173814624650655,182.25,3.7,4.8,0.0,0.0,0.0
BLZ,2023-03-01,2023,0.21173814624650655,182.25,3.7,4.8,0.0,0.0,100000.0
BLZ,2023-04-01,2023,0.21173814624650655,182.25,3.7,4.8,0.0,0.0,3480525.0
BLZ,2023-05-01,2023,0.21173814624650655,182.25,3.7,4.8,0.0,0.0,1799297.0
BLZ,2023-06-01,2023,0.21173814624650655,182.25,3.7,4.8,0.0,0.0,50000.0
BLZ,2023-07-01,2023,0.21173814624650655,182.25,3.7,4.8,0.0,0.0,2072062.0
BLZ,2023-08-01,2023,0.21173814624650655,182.25,3.7,4.8,0.0,0.0,0.0
BLZ,2023-09-01,2023,0.21173814624650655,182.25,3.7,4.8,0.0,0.0,900000.0
BLZ,2023-10-01,2023,0.21173814624650655,182.25,3.7,4.8,0.0,0.0,0.0
BLZ,2023-11-01,2023,0.21173814624650655,182.25,3.7,4.8,0.0,0.0,0.0
BLZ,2023-12-01,2023,0.21173814624650655,182.25,3.7,4.8,0.0,0.0,431916.0
BLZ,2024-01-01,2024,0.2118594745952952,190.58,3.7,4.8,0.0,0.0,0.0
BLZ,2024-02-01,2024,0.2118594745952952,190.58,3.7,4.8,0.0,0.0,957396.0
BLZ,2024-03-01,2024,0.2118594745952952,190.58,3.7,4.8,0.0,0.0,1327471.0
BLZ,2024-04-01,2024,0.2118594745952952,190.58,3.7,4.8,0.0,0.0,0.0
BLZ,2024-05-01,2024,0.2118594745952952,190.58,3.7,4.8,0.0,0.0,899999.0
BLZ,2024-06-01,2024,0.2118594745952952,190.58,3.7,4.8,0.0,0.0,4677283.0
BLZ,2024-07-01,2024,0.2118594745952952,190.58,3.7,4.8,0.0,0.0,0.0
BLZ,2024-08-01,2024,0.2118594745952952,190.58,3.7,4.8,0.0,0.0,1100000.0
BLZ,2024-09-01,2024,0.2118594745952952,190.58,3.7,4.8,0.0,0.0,399915.0
BLZ,2024-10-01,2024,0.22543266121756245,190.58,3.7,4.8,0.0,0.3125,1129908.0
BLZ,2024-11-01,2024,0.24541094411896683,190.58,3.7,4.8,0.1661,0.2188,1750000.0
BLZ,2024-12-01,2024,0.2118594745952952,190.58,3.7,4.8,0.0,0.0,0.0
BRB,2019-01-01,2019,0.019619932276449925,0.83,2.1,2.6,0.0,0.0,0.0
BRB,2019-02-01,2019,0.019619932276449925,0.83,2.1,2.6,0.0,0.0,0.0
BRB,2019-03-01,2019,0.019619932276449925,0.83,2.1,2.6,0.0,0.0,19800.0
BRB,2019-04-01,2019,0.019619932276449925,0.83,2.1,2.6,0.0,0.0,0.0
BRB,2019-05-01,2019,0.019619932276449925,0.83,2.1,2.6,0.0,0.0,0.0
BRB,2019-06-01,2019,0.019619932276449925,0.83,2.1,2.6,0.0,0.0,0.0
BRB,2019-07-01,2019,0.019619932276449925,0.83,2.1,2.6,0.0,0.0,0.0
BRB,2019-08-01,2019,0.0318336285266309,0.83,2.1,2.6,0.0,0.2812,0.0
BRB,2019-09-01,2019,0.019619932276449925,0.83,2.1,2.6,0.0,0.0,0.0
BRB,2019-10-01,2019,0.019619932276449925,0.83,2.1,2.6,0.0,0.0,0.0
BRB,2019-11-01,2019,0.019619932276449925,0.83,2.1,2.6,0.0,0.0,0.0
BRB,2019-12-01,2019,0.019619932276449925,0.83,2.1,2.6,0.0,0.0,0.0
BRB,2020-01-01,2020,0.019613960532992143,0.42,2.1,2.6,0.0,0.0,0.0
BRB,2020-02-01,2020,0.019613960532992143,0.42,2.1,2.6,0.0,0.0,0.0
BRB,2020-03-01,2020,0.019613960532992143,0.42,2.1,2.6,0.0,0.0,0.0
BRB,2020-04-01,2020,0.019613960532992143,0.42,2.1,2.6,0.0,0.0,858836.0
BRB,2020-05-01,2020,0.019613960532992143,0.42,2.1,2.6,0.0,0.0,0.0
BRB,2020-06-01,2020,0.019613960532992143,0.42,2.1,2.6,0.0,0.0,0.0
BRB,2020-07-01,2020,0.019613960532992143,0.42,2.1,2.6,0.0,0.0,0.0
BRB,2020-08-01,2020,0.019613960532992143,0.42,2.1,2.6,0.0,0.0,550286.0
BRB,2020-09-01,2020,0.019613960532992143,0.42,2.1,2.6,0.0,0.0,0.0
BRB,2020-10-01,2020,0.019613960532992143,0.42,2.1,2.6,0.0,0.0,0.0
BRB,2020-11-01,2020,0.019613960532992143,0.42,2.1,2.6,0.0,0.0,366282.0
BRB,2020-12-01,2020,0.019613960532992143,0.42,2.1,2.6,0.0,0.0,0.0
BRB,2021-01-01,2021,0.024521893060763657,0.83,2.1,2.7,0.0,0.0,0.0
BRB,2021-02-01,2021,0.024521893060763657,0.83,2.1,2.7,0.0,0.0,0.0
BRB,2021-03-01,2021,0.024521893060763657,0.83,2.1,2.7,0.0,0.0,0.0
BRB,2021-04-01,2021,0.024521893060763657,0.83,2.1,2.7,0.0,0.0,0.0
BRB,2021-05-01,2021,0.024521893060763657,0.83,2.1,2.7,0.0,0.0,0.0
BRB,2021-06-01,2021,0.024521893060763657,0.83,2.1,2.7,0.0,0.0,0.0
BRB,2021-07-01,2021,0.0627729427205291,0.83,2.1,2.7,0.2642,0.0,0.0
BRB,2021-08-01,2021,0.024521893060763657,0.83,2.1,2.7,0.0,0.0,0.0
BRB,2021-09-01,2021,0.024521893060763657,0.83,2.1,2.7,0.0,0.0,0.0
BRB,2021-10-01,2021,0.024521893060763657,0.83,2.1,2.7,0.0,0.0,0.0
BRB,2021-11-01,2021,0.024521893060763657,0.83,2.1,2.7,0.0,0.0,0.0
BRB,2021-12-01,2021,0.024521893060763657,0.83,2.1,2.7,0.0,0.0,0.0
BRB,2022-01-01,2022,0.019607843137254898,0.0,2.1,2.6,0.0,0.0,0.0
BRB,2022-02-01,2022,0.019607843137254898,0.0,2.1,2.6,0.0,0.0,10000000.0
BRB,2022-03-01,2022,0.019607843137254898,0.0,2.1,2.6,0.0,0.0,12250712.0
BRB,2022-04-01,2022,0.019607843137254898,0.0,2.1,2.6,0.0,0.0,0.0
BRB,2022-05-01,2022,0.019607843137254898,0.0,2.1,2.6,0.0,0.0,0.0
BRB,2022-06-01,2022,0.019607843137254898,0.0,2.1,2.6,0.0,0.0,894200.0
BRB,2022-07-01,2022,0.019607843137254898,0.0,2.1,2.6,0.0,0.0,150000.0
BRB,2022-08-01,2022,0.019607843137254898,0.0,2.1,2.6,0.0,0.0,0.0
BRB,2022-09-01,2022,0.019607843137254898,0.0,2.1,2.6,0.0,0.0,0.0
BRB,2022-10-01,2022,0.019607843137254898,0.0,2.1,2.6,0.0,0.0,0.0
BRB,2022-11-01,2022,0.019607843137254898,0.0,2.1,2.6,0.0,0.0,0.0
BRB,2022-12-01,2022,0.019607843137254898,0.0,2.1,2.6,0.0,0.0,0.0
BRB,2023-01-01,2023,0.01962604967218717,1.25,2.1,2.6,0.0,0.0,0.0
BRB,2023-02-01,2023,0.01962604967218717,1.25,2.1,2.6,0.0,0.0,0.0
BRB,2023-03-01,2023,0.01962604967218717,1.25,2.1,2.6,0.0,0.0,0.0
BRB,2023-04-01,2023,0.01962604967218717,1.25,2.1,2.6,0.0,0.0,200000.0
BRB,2023-05-01,2023,0.01962604967218717,1.25,2.1,2.6,0.0,0.0,0.0
BRB,2023-06-01,2023,0.0590700919481391,1.25,2.1,2.6,0.1693,0.3438,302111.0
BRB,2023-07-01,2023,0.01962604967218717,1.25,2.1,2.6,0.0,0.0,0.0
BRB,2023-08-01,2023,0.01962604967218717,1.25,2.1,2.6,0.0,0.0,0.0
BRB,2023-09-01,2023,0.01962604967218717,1.25,2.1,2.6,0.0,0.0,0.0
BRB,2023-10-01,2023,0.01962604967218717,1.25,2.1,2.6,0.0,0.0,0.0
BRB,2023-11-01,2023,0.01962604967218717,1.25,2.1,2.6,0.0,0.0,0.0
BRB,2023-12-01,2023,0.01962604967218717,1.25,2.1,2.6,0.0,0.0,0.0
BRB,2024-01-01,2024,0.014721612799122652,1.08,2.1,2.5,0.0,0.0,0.0
BRB,2024-02-01,2024,0.014721612799122652,1.08,2.1,2.5,0.0,0.0,0.0
BRB,2024-03-01,2024,0.014721612799122652,1.08,2.1,2.5,0.0,0.0,0.0
BRB,2024-04-01,2024,0.014721612799122652,1.08,2.1,2.5,0.0,0.0,0.0
BRB,2024-05-01,2024,0.014721612799122652,1.08,2.1,2.5,0.0,0.0,0.0
BRB,2024-06-01,2024,0.014721612799122652,1.08,2.1,2.5,0.0,0.0,5113550.0
BRB,2024-07-01,2024,0.051655158477420034,1.08,2.1,2.5,0.2551,0.0,0.0
BRB,2024-08-01,2024,0.014721612799122652,1.08,2.1,2.5,0.0,0.0,0.0
BRB,2024-09-01,2024,0.014721612799122652,1.08,2.1,2.5,0.0,0.0,30816.0
BRB,2024-10-01,2024,0.014721612799122652,1.08,2.1,2.5,0.0,0.0,149394.0
BRB,2024-11-01,2024,0.014721612799122652,1.08,2.1,2.5,0.0,0.0,150000.0
BRB,2024-12-01,2024,0.014721612799122652,1.08,2.1,2.5,0.0,0.0,0.0
CRI,2019-01-01,2019,0.06702531476250256,2500.0,2.7,2.2,0.0,0.0,0.0
CRI,2019-02-01,2019,0.06702531476250256,2500.0,2.7,2.2,0.0,0.0,1560617.0
CRI,2019-03-01,2019,0.06702531476250256,2500.0,2.7,2.2,0.0,0.0,7711244.0
CRI,2019-04-01,2019,0.06702531476250256,2500.0,2.7,2.2,0.0,0.0,2058603.0
CRI,2019-05-01,2019,0.06702531476250256,2500.0,2.7,2.2,0.0,0.0,3128714.0
CRI,2019-06-01,2019,0.06702531476250256,2500.0,2.7,2.2,0.0,0.0,9459209.0
CRI,2019-07-01,2019,0.06702531476250256,2500.0,2.7,2.2,0.0,0.0,1412374.0
CRI,2019-08-01,2019,0.06702531476250256,2500.0,2.7,2.2,0.0,0.0,0.0
CRI,2019-09-01,2019,0.06702531476250256,2500.0,2.7,2.2,0.0,0.0,1336248.0
CRI,2019-10-01,2019,0.06702531476250256,2500.0,2.7,2.2,0.0,0.0,3824916.0
CRI,2019-11-01,2019,0.06702531476250256,2500.0,2.7,2.2,0.0,0.0,0.0
CRI,2019-12-01,2019,0.06702531476250256,2500.0,2.7,2.2,0.0,0.0,0.0
CRI,2020-01-01,2020,0.07722939639515561,2500.0,2.9,2.2,0.0,0.0,666473.0
CRI,2020-02-01,2020,0.07722939639515561,2500.0,2.9,2.2,0.0,0.0,2237787.0
CRI,2020-03-01,2020,0.07722939639515561,2500.0,2.9,2.2,0.0,0.0,1142682.0
CRI,2020-04-01,2020,0.07722939639515561,2500.0,2.9,2.2,0.0,0.0,8375800.0
CRI,2020-05-01,2020,0.07722939639515561,2500.0,2.9,2.2,0.0,0.0,3325407.0
CRI,2020-06-01,2020,0.07722939639515561,2500.0,2.9,2.2,0.0,0.0,12573431.0
CRI,2020-07-01,2020,0.07722939639515561,2500.0,2.9,2.2,0.0,0.0,8106077.0
CRI,2020-08-01,2020,0.07722939639515561,2500.0,2.9,2.2,0.0,0.0,0.0
CRI,2020-09-01,2020,0.07722939639515561,2500.0,2.9,2.2,0.0,0.0,23675.0
CRI,2020-10-01,2020,0.07722939639515561,2500.0,2.9,2.2,0.0,0.0,1680000.0
CRI,2020-11-01,2020,0.1250359694369972,2500.0,2.9,2.2,0.3302,0.0,2285097.0
CRI,2020-12-01,2020,0.07722939639515561,2500.0,2.9,2.2,0.0,0.0,0.0
CRI,2021-01-01,2021,0.09051057428360476,2725.0,3.0,2.3,0.0,0.0,107699.0
CRI,2021-02-01,2021,0.09051057428360476,2725.0,3.0,2.3,0.0,0.0,7728133.0
CRI,2021-03-01,2021,0.09051057428360476,2725.0,3.0,2.3,0.0,0.0,1065888.0
CRI,2021-04-01,2021,0.09051057428360476,2725.0,3.0,2.3,0.0,0.0,878808.0
CRI,2021-05-01,2021,0.09051057428360476,2725.0,3.0,2.3,0.0,0.0,0.0
CRI,2021-06-01,2021,0.09051057428360476,2725.0,3.0,2.3,0.0,0.0,5568470.0
CRI,2021-07-01,2021,0.16091740793062953,2725.0,3.0,2.3,0.4863,0.0,2133109.0
CRI,2021-08-01,2021,0.09051057428360476,2725.0,3.0,2.3,0.0,0.0,7866.0
CRI,2021-09-01,2021,0.09051057428360476,2725.0,3.0,2.3,0.0,0.0,0.0
CRI,2021-10-01,2021,0.09051057428360476,2725.0,3.0,2.3,0.0,0.0,0.0
CRI,2021-11-01,2021,0.09051057428360476,2725.0,3.0,2.3,0.0,0.0,0.0
CRI,2021-12-01,2021,0.09051057428360476,2725.0,3.0,2.3,0.0,0.0,191441.0
CRI,2022-01-01,2022,0.10290979430078578,3226.0,3.1,2.3,0.0,0.0,4667586.0
CRI,2022-02-01,2022,0.10290979430078578,3226.0,3.1,2.3,0.0,0.0,11643592.0
CRI,2022-03-01,2022,0.10290979430078578,3226.0,3.1,2.3,0.0,0.0,2721715.0
CRI,2022-04-01,2022,0.10290979430078578,3226.0,3.1,2.3,0.0,0.0,3961880.0
CRI,2022-05-01,2022,0.10290979430078578,3226.0,3.1,2.3,0.0,0.0,2622543.0
CRI,2022-06-01,2022,0.10290979430078578,3226.0,3.1,2.3,0.0,0.0,5426376.0
CRI,2022-07-01,2022,0.11648298092305305,3226.0,3.1,2.3,0.0,0.3125,6971598.0
CRI,2022-08-01,2022,0.10290979430078578,3226.0,3.1,2.3,0.0,0.0,59302.0
CRI,2022-09-01,2022,0.10290979430078578,3226.0,3.1,2.3,0.0,0.0,6917000.0
CRI,2022-10-01,2022,0.16244360058426632,3226.0,3.1,2.3,0.4112,0.0,0.0
CRI,2022-11-01,2022,0.10290979430078578,3226.0,3.1,2.3,0.0,0.0,5018703.0
CRI,2022-12-01,2022,0.10290979430078578,3226.0,3.1,2.3,0.0,0.0,59730.0
CRI,2023-01-01,2023,0.36485927574894594,20510.0,3.3,2.3,0.0,0.0,96616.0
CRI,2023-02-01,2023,0.36485927574894594,20510.0,3.3,2.3,0.0,0.0,535000.0
CRI,2023-03-01,2023,0.36485927574894594,20510.0,3.3,2.3,0.0,0.0,459168.0
CRI,2023-04-01,2023,0.36485927574894594,20510.0,3.3,2.3,0.0,0.0,142489.0
CRI,2023-05-01,2023,0.36485927574894594,20510.0,3.3,2.3,0.0,0.0,3935564.0
CRI,2023-06-01,2023,0.36485927574894594,20510.0,3.3,2.3,0.0,0.0,6206243.0
CRI,2023-07-01,2023,0.36485927574894594,20510.0,3.3,2.3,0.0,0.0,2065000.0
CRI,2023-08-01,2023,0.36485927574894594,20510.0,3.3,2.3,0.0,0.0,104392.0
CRI,2023-09-01,2023,0.36485927574894594,20510.0,3.3,2.3,0.0,0.0,11454093.0
CRI,2023-10-01,2023,0.36485927574894594,20510.0,3.3,2.3,0.0,0.0,0.0
CRI,2023-11-01,2023,0.36485927574894594,20510.0,3.3,2.3,0.0,0.0,548031.0
CRI,2023-12-01,2023,0.36485927574894594,20510.0,3.3,2.3,0.0,0.0,5249715.0
CRI,2024-01-01,2024,0.35612244897959183,20597.0,3.2,2.2,0.0,0.0,0.0
CRI,2024-02-01,2024,0.35612244897959183,20597.0,3.2,2.2,0.0,0.0,957396.0
CRI,2024-03-01,2024,0.35612244897959183,20597.0,3.2,2.2,0.0,0.0,1728704.0
CRI,2024-04-01,2024,0.35612244897959183,20597.0,3.2,2.2,0.0,0.0,0.0
CRI,2024-05-01,2024,0.35612244897959183,20597.0,3.2,2.2,0.0,0.0,0.0
CRI,2024-06-01,2024,0.35612244897959183,20597.0,3.2,2.2,0.0,0.0,4030723.0
CRI,2024-07-01,2024,0.35612244897959183,20597.0,3.2,2.2,0.0,0.0,0.0
CRI,2024-08-01,2024,0.35612244897959183,20597.0,3.2,2.2,0.0,0.0,3087272.0
CRI,2024-09-01,2024,0.35612244897959183,20597.0,3.2,2.2,0.0,0.0,4450251.0
CRI,2024-10-01,2024,0.35612244897959183,20597.0,3.2,2.2,0.0,0.0,1129908.0
CRI,2024-11-01,2024,0.4420352910238947,20597.0,3.2,2.2,0.5934,0.0,15002500.0
CRI,2024-12-01,2024,0.35612244897959183,20597.0,3.2,2.2,0.0,0.0,200000.0
CUB,2019-01-01,2019,0.20655337048566474,22.08,3.4,3.8,0.4246,0.0,0.0
CUB,2019-02-01,2019,0.14507950339430814,22.08,3.4,3.8,0.0,0.0,0.0
CUB,2019-03-01,2019,0.14507950339430814,22.08,3.4,3.8,0.0,0.0,2015021.0
CUB,2019-04-01,2019,0.14507950339430814,22.08,3.4,3.8,0.0,0.0,0.0
CUB,2019-05-01,2019,0.14507950339430814,22.08,3.4,3.8,0.0,0.0,0.0
CUB,2019-06-01,2019,0.14507950339430814,22.08,3.4,3.8,0.0,0.0,0.0
CUB,2019-07-01,2019,0.14507950339430814,22.08,3.4,3.8,0.0,0.0,0.0
CUB,2019-08-01,2019,0.14507950339430814,22.08,3.4,3.8,0.0,0.0,0.0
CUB,2019-09-01,2019,0.1518639249955822,22.08,3.4,3.8,0.0,0.1562,0.0
CUB,2019-10-01,2019,0.14507950339430814,22.08,3.4,3.8,0.0,0.0,0.0
CUB,2019-11-01,2019,0.14507950339430814,22.08,3.4,3.8,0.0,0.0,0.0
CUB,2019-12-01,2019,0.14507950339430814,22.08,3.4,3.8,0.0,0.0,0.0
CUB,2020-01-01,2020,0.1399374082011306,19.33,3.3,3.8,0.0,0.0,706803.0
CUB,2020-02-01,2020,0.1399374082011306,19.33,3.3,3.8,0.0,0.0,0.0
CUB,2020-03-01,2020,0.1399374082011306,19.33,3.3,3.8,0.0,0.0,0.0
CUB,2020-04-01,2020,0.1399374082011306,19.33,3.3,3.8,0.0,0.0,2613.0
CUB,2020-05-01,2020,0.17889788308168655,19.33,3.3,3.8,0.2691,0.0,0.0
CUB,2020-06-01,2020,0.1399374082011306,19.33,3.3,3.8,0.0,0.0,1850403.0
CUB,2020-07-01,2020,0.18909912819533936,19.33,3.3,3.8,0.2027,0.4562,0.0
CUB,2020-08-01,2020,0.16029935984439106,19.33,3.3,3.8,0.0,0.4688,0.0
CUB,2020-09-01,2020,0.1399374082011306,19.33,3.3,3.8,0.0,0.0,0.0
CUB,2020-10-01,2020,0.1399374082011306,19.33,3.3,3.8,0.0,0.0,1623542.0
CUB,2020-11-01,2020,0.15487008519548415,19.33,3.3,3.8,0.0,0.3438,0.0
CUB,2020-12-01,2020,0.1399374082011306,19.33,3.3,3.8,0.0,0.0,0.0
CUB,2021-01-01,2021,0.10930215024301704,17.75,2.7,3.8,0.0,0.0,0.0
CUB,2021-02-01,2021,0.10930215024301704,17.75,2.7,3.8,0.0,0.0,0.0
CUB,2021-03-01,2021,0.10930215024301704,17.75,2.7,3.8,0.0,0.0,0.0
CUB,2021-04-01,2021,0.10930215024301704,17.75,2.7,3.8,0.0,0.0,290150.0
CUB,2021-05-01,2021,0.10930215024301704,17.75,2.7,3.8,0.0,0.0,0.0
CUB,2021-06-01,2021,0.10930215024301704,17.75,2.7,3.8,0.0,0.0,0.0
CUB,2021-07-01,2021,0.12423482723737059,17.75,2.7,3.8,0.0,0.3438,0.0
CUB,2021-08-01,2021,0.1283046115141912,17.75,2.7,3.8,0.0,0.4375,0.0
CUB,2021-09-01,2021,0.10930215024301704,17.75,2.7,3.8,0.0,0.0,0.0
CUB,2021-10-01,2021,0.10930215024301704,17.75,2.7,3.8,0.0,0.0,0.0
CUB,2021-11-01,2021,0.10930215024301704,17.75,2.7,3.8,0.0,0.0,0.0
CUB,2021-12-01,2021,0.10930215024301704,17.75,2.7,3.8,0.0,0.0,0.0
CUB,2022-01-01,2022,0.10926457195491683,15.17,2.7,3.8,0.0,0.0,0.0
CUB,2022-02-01,2022,0.10926457195491683,15.17,2.7,3.8,0.0,0.0,10000000.0
CUB,2022-03-01,2022,0.10926457195491683,15.17,2.7,3.8,0.0,0.0,0.0
CUB,2022-04-01,2022,0.10926457195491683,15.17,2.7,3.8,0.0,0.0,0.0
CUB,2022-05-01,2022,0.10926457195491683,15.17,2.7,3.8,0.0,0.0,0.0
CUB,2022-06-01,2022,0.16368762103555967,15.17,2.7,3.8,0.3759,0.0,0.0
CUB,2022-07-01,2022,0.10926457195491683,15.17,2.7,3.8,0.0,0.0,0.0
CUB,2022-08-01,2022,0.10926457195491683,15.17,2.7,3.8,0.0,0.0,328256.0
CUB,2022-09-01,2022,0.22262058759122783,15.17,2.7,3.8,0.5767,0.6875,397685.0
CUB,2022-10-01,2022,0.10926457195491683,15.17,2.7,3.8,0.0,0.0,4809731.0
CUB,2022-11-01,2022,0.10926457195491683,15.17,2.7,3.8,0.0,0.0,2736766.0
CUB,2022-12-01,2022,0.10926457195491683,15.17,2.7,3.8,0.0,0.0,514403.0
CUB,2023-01-01,2023,0.13985132770397082,13.42,3.3,3.8,0.0,0.0,0.0
CUB,2023-02-01,2023,0.13985132770397082,13.42,3.3,3.8,0.0,0.0,48802.0
CUB,2023-03-01,2023,0.13985132770397082,13.42,3.3,3.8,0.0,0.0,0.0
CUB,2023-04-01,2023,0.13985132770397082,13.42,3.3,3.8,0.0,0.0,3480525.0
CUB,2023-05-01,2023,0.13985132770397082,13.42,3.3,3.8,0.0,0.0,451849.0
CUB,2023-06-01,2023,0.21096179534549392,13.42,3.3,3.8,0.4443,0.1562,950085.0
CUB,2023-07-01,2023,0.13985132770397082,13.42,3.3,3.8,0.0,0.0,300000.0
CUB,2023-08-01,2023,0.1583108615102543,13.42,3.3,3.8,0.0,0.425,3828813.0
CUB,2023-09-01,2023,0.13985132770397082,13.42,3.3,3.8,0.0,0.0,0.0
CUB,2023-10-01,2023,0.13985132770397082,13.42,3.3,3.8,0.0,0.0,149358.0
CUB,2023-11-01,2023,0.13985132770397082,13.42,3.3,3.8,0.0,0.0,0.0
CUB,2023-12-01,2023,0.13985132770397082,13.42,3.3,3.8,0.0,0.0,0.0
CUB,2024-01-01,2024,0.1496673384117933,14.25,3.3,4.0,0.0,0.0,0.0
CUB,2024-02-01,2024,0.1496673384117933,14.25,3.3,4.0,0.0,0.0,97596.0
CUB,2024-03-01,2024,0.2087088904604396,14.25,3.3,4.0,0.4078,0.0,251233.0
CUB,2024-04-01,2024,0.1496673384117933,14.25,3.3,4.0,0.0,0.0,121930.0
CUB,2024-05-01,2024,0.1496673384117933,14.25,3.3,4.0,0.0,0.0,0.0
CUB,2024-06-01,2024,0.1496673384117933,14.25,3.3,4.0,0.0,0.0,1921085.0
CUB,2024-07-01,2024,0.1496673384117933,14.25,3.3,4.0,0.0,0.0,0.0
CUB,2024-08-01,2024,0.15917074075723994,14.25,3.3,4.0,0.0,0.2188,0.0
CUB,2024-09-01,2024,0.1496673384117933,14.25,3.3,4.0,0.0,0.0,0.0
CUB,2024-10-01,2024,0.251975142089222,14.25,3.3,4.0,0.566,0.4688,43457.0
CUB,2024-11-01,2024,0.24858148348201192,14.25,3.3,4.0,0.4957,0.625,8199457.0
CUB,2024-12-01,2024,0.1496673384117933,14.25,3.3,4.0,0.0,0.0,1300000.0
DOM,2019-01-01,2019,0.39302976713334264,9504.0,4.4,5.0,0.0,0.0,0.0
DOM,2019-02-01,2019,0.39302976713334264,9504.0,4.4,5.0,0.0,0.0,1537363.0
DOM,2019-03-01,2019,0.39302976713334264,9504.0,4.4,5.0,0.0,0.0,6909782.0
DOM,2019-04-01,2019,0.39302976713334264,9504.0,4.4,5.0,0.0,0.0,2058603.0
DOM,2019-05-01,2019,0.39302976713334264,9504.0,4.4,5.0,0.0,0.0,3024976.0
DOM,2019-06-01,2019,0.39302976713334264,9504.0,4.4,5.0,0.0,0.0,4809822.0
DOM,2019-07-01,2019,0.39302976713334264,9504.0,4.4,5.0,0.0,0.0,1412374.0
DOM,2019-08-01,2019,0.39302976713334264,9504.0,4.4,5.0,0.0,0.0,0.0
DOM,2019-09-01,2019,0.39302976713334264,9504.0,4.4,5.0,0.0,0.0,1361234.0
DOM,2019-10-01,2019,0.39302976713334264,9504.0,4.4,5.0,0.0,0.0,2849915.0
DOM,2019-11-01,2019,0.39302976713334264,9504.0,4.4,5.0,0.0,0.0,0.0
DOM,2019-12-01,2019,0.39302976713334264,9504.0,4.4,5.0,0.0,0.0,0.0
DOM,2020-01-01,2020,0.38282568550068957,9504.0,4.2,5.0,0.0,0.0,666473.0
DOM,2020-02-01,2020,0.38282568550068957,9504.0,4.2,5.0,0.0,0.0,2392414.0
DOM,2020-03-01,2020,0.38282568550068957,9504.0,4.2,5.0,0.0,0.0,1207835.0
DOM,2020-04-01,2020,0.38282568550068957,9504.0,4.2,5.0,0.0,0.0,8241828.0
DOM,2020-05-01,2020,0.38282568550068957,9504.0,4.2,5.0,0.0,0.0,3578488.0
DOM,2020-06-01,2020,0.38282568550068957,9504.0,4.2,5.0,0.0,0.0,13001526.0
DOM,2020-07-01,2020,0.45133010131073736,9504.0,4.2,5.0,0.3513,0.4062,7511277.0
DOM,2020-08-01,2020,0.4533570305129959,9504.0,4.2,5.0,0.4028,0.2812,295372.0
DOM,2020-09-01,2020,0.38282568550068957,9504.0,4.2,5.0,0.0,0.0,116166.0
DOM,2020-10-01,2020,0.38282568550068957,9504.0,4.2,5.0,0.0,0.0,0.0
DOM,2020-11-01,2020,0.38282568550068957,9504.0,4.2,5.0,0.0,0.0,3160347.0
DOM,2020-12-01,2020,0.38282568550068957,9504.0,4.2,5.0,0.0,0.0,1124407.0
DOM,2021-01-01,2021,0.39140077160154735,10079.0,4.3,4.9,0.0,0.0,342602.0
DOM,2021-02-01,2021,0.39140077160154735,10079.0,4.3,4.9,0.0,0.0,7728133.0
DOM,2021-03-01,2021,0.39140077160154735,10079.0,4.3,4.9,0.0,0.0,65888.0
DOM,2021-04-01,2021,0.39140077160154735,10079.0,4.3,4.9,0.0,0.0,878808.0
DOM,2021-05-01,2021,0.39140077160154735,10079.0,4.3,4.9,0.0,0.0,0.0
DOM,2021-06-01,2021,0.39140077160154735,10079.0,4.3,4.9,0.0,0.0,6415750.0
DOM,2021-07-01,2021,0.4253084015421873,10079.0,4.3,4.9,0.2342,0.0,2082772.0
DOM,2021-08-01,2021,0.4414514448316038,10079.0,4.3,4.9,0.2707,0.25,133103.0
DOM,2021-09-01,2021,0.39140077160154735,10079.0,4.3,4.9,0.0,0.0,39413.0
DOM,2021-10-01,2021,0.39140077160154735,10079.0,4.3,4.9,0.0,0.0,0.0
DOM,2021-11-01,2021,0.39140077160154735,10079.0,4.3,4.9,0.0,0.0,0.0
DOM,2021-12-01,2021,0.39140077160154735,10079.0,4.3,4.9,0.0,0.0,0.0
DOM,2022-01-01,2022,0.37223371846189557,10123.0,4.2,4.6,0.0,0.0,5122120.0
DOM,2022-02-01,2022,0.39845349549968334,10123.0,4.2,4.6,0.1811,0.0,12262213.0
DOM,2022-03-01,2022,0.3974979431614757,10123.0,4.2,4.6,0.1745,0.0,2150848.0
DOM,2022-04-01,2022,0.37223371846189557,10123.0,4.2,4.6,0.0,0.0,2237880.0
DOM,2022-05-01,2022,0.37223371846189557,10123.0,4.2,4.6,0.0,0.0,988520.0
DOM,2022-06-01,2022,0.37223371846189557,10123.0,4.2,4.6,0.0,0.0,3085508.0
DOM,2022-07-01,2022,0.37223371846189557,10123.0,4.2,4.6,0.0,0.0,71598.0
DOM,2022-08-01,2022,0.37223371846189557,10123.0,4.2,4.6,0.0,0.0,59302.0
DOM,2022-09-01,2022,0.47371772019926345,10123.0,4.2,4.6,0.5322,0.5625,424496.0
DOM,2022-10-01,2022,0.37223371846189557,10123.0,4.2,4.6,0.0,0.0,340478.0
DOM,2022-11-01,2022,0.37223371846189557,10123.0,4.2,4.6,0.0,0.0,5070641.0
DOM,2022-12-01,2022,0.37223371846189557,10123.0,4.2,4.6,0.0,0.0,5303.0
DOM,2023-01-01,2023,0.4092753720413251,11265.0,4.6,4.6,0.0,0.0,0.0
DOM,2023-02-01,2023,0.4092753720413251,11265.0,4.6,4.6,0.0,0.0,0.0
DOM,2023-03-01,2023,0.4092753720413251,11265.0,4.6,4.6,0.0,0.0,1126834.0
DOM,2023-04-01,2023,0.4092753720413251,11265.0,4.6,4.6,0.0,0.0,1028354.0
DOM,2023-05-01,2023,0.4092753720413251,11265.0,4.6,4.6,0.0,0.0,2610905.0
DOM,2023-06-01,2023,0.4750202685231551,11265.0,4.6,4.6,0.4541,0.0,11335599.0
DOM,2023-07-01,2023,0.4092753720413251,11265.0,4.6,4.6,0.0,0.0,988000.0
DOM,2023-08-01,2023,0.4922781228738139,11265.0,4.6,4.6,0.4983,0.25,786006.0
DOM,2023-09-01,2023,0.4092753720413251,11265.0,4.6,4.6,0.0,0.0,3253917.0
DOM,2023-10-01,2023,0.4092753720413251,11265.0,4.6,4.6,0.0,0.0,0.0
DOM,2023-11-01,2023,0.4892956413333477,11265.0,4.6,4.6,0.5527,0.0,2245065.0
DOM,2023-12-01,2023,0.4092753720413251,11265.0,4.6,4.6,0.0,0.0,755339.0
DOM,2024-01-01,2024,0.3951041920870887,11652.0,4.5,4.3,0.0,0.0,0.0
DOM,2024-02-01,2024,0.3951041920870887,11652.0,4.5,4.3,0.0,0.0,0.0
DOM,2024-03-01,2024,0.3951041920870887,11652.0,4.5,4.3,0.0,0.0,251233.0
DOM,2024-04-01,2024,0.3951041920870887,11652.0,4.5,4.3,0.0,0.0,100000.0
DOM,2024-05-01,2024,0.3951041920870887,11652.0,4.5,4.3,0.0,0.0,498122.0
DOM,2024-06-01,2024,0.3951041920870887,11652.0,4.5,4.3,0.0,0.0,3693132.0
DOM,2024-07-01,2024,0.3951041920870887,11652.0,4.5,4.3,0.0,0.0,0.0
DOM,2024-08-01,2024,0.3951041920870887,11652.0,4.5,4.3,0.0,0.0,3252490.0
DOM,2024-09-01,2024,0.3951041920870887,11652.0,4.5,4.3,0.0,0.0,755570.0
DOM,2024-10-01,2024,0.3951041920870887,11652.0,4.5,4.3,0.0,0.0,0.0
DOM,2024-11-01,2024,0.45062757416324334,11652.0,4.5,4.3,0.3835,0.0,4490000.0
DOM,2024-12-01,2024,0.3951041920870887,11652.0,4.5,4.3,0.0,0.0,0.0
GTM,2019-01-01,2019,0.2915771838861291,86.58,5.1,5.0,0.0,0.0,0.0
GTM,2019-02-01,2019,0.2915771838861291,86.58,5.1,5.0,0.0,0.0,0.0
GTM,2019-03-01,2019,0.2915771838861291,86.58,5.1,5.0,0.0,0.0,140809.0
GTM,2019-04-01,2019,0.2915771838861291,86.58,5.1,5.0,0.0,0.0,400000.0
GTM,2019-05-01,2019,0.2915771838861291,86.58,5.1,5.0,0.0,0.0,0.0
GTM,2019-06-01,2019,0.2915771838861291,86.58,5.1,5.0,0.0,0.0,40800.0
GTM,2019-07-01,2019,0.2915771838861291,86.58,5.1,5.0,0.0,0.0,1986599.0
GTM,2019-08-01,2019,0.3539052568555804,86.58,5.1,5.0,0.4305,0.0,0.0
GTM,2019-09-01,2019,0.2915771838861291,86.58,5.1,5.0,0.0,0.0,0.0
GTM,2019-10-01,2019,0.3471005659622837,86.58,5.1,5.0,0.3835,0.0,0.0
GTM,2019-11-01,2019,0.2915771838861291,86.58,5.1,5.0,0.0,0.0,462050.0
GTM,2019-12-01,2019,0.2915771838861291,86.58,5.1,5.0,0.0,0.0,0.0
GTM,2020-01-01,2020,0.28670221497347786,102.17,5.0,5.0,0.0,0.0,0.0
GTM,2020-02-01,2020,0.28670221497347786,102.17,5.0,5.0,0.0,0.0,0.0
GTM,2020-03-01,2020,0.28670221497347786,102.17,5.0,5.0,0.0,0.0,1049997.0
GTM,2020-04-01,2020,0.28670221497347786,102.17,5.0,5.0,0.0,0.0,4294924.0
GTM,2020-05-01,2020,0.35647201372836423,102.17,5.0,5.0,0.4819,0.0,300000.0
GTM,2020-06-01,2020,0.3348939045637486,102.17,5.0,5.0,0.271,0.2062,1155624.0
GTM,2020-07-01,2020,0.28670221497347786,102.17,5.0,5.0,0.0,0.0,1800000.0
GTM,2020-08-01,2020,0.28670221497347786,102.17,5.0,5.0,0.0,0.0,0.0
GTM,2020-09-01,2020,0.30434518587256576,102.17,5.0,5.0,0.0,0.4062,0.0
GTM,2020-10-01,2020,0.28670221497347786,102.17,5.0,5.0,0.0,0.0,0.0
GTM,2020-11-01,2020,0.41106156056490684,102.17,5.0,5.0,0.8027,0.1875,1439607.0
GTM,2020-12-01,2020,0.28670221497347786,102.17,5.0,5.0,0.0,0.0,2522190.0
GTM,2021-01-01,2021,0.28267780917289964,162.42,5.0,4.9,0.0,0.0,4484235.0
GTM,2021-02-01,2021,0.28267780917289964,162.42,5.0,4.9,0.0,0.0,112500.0
GTM,2021-03-01,2021,0.28267780917289964,162.42,5.0,4.9,0.0,0.0,4006410.0
GTM,2021-04-01,2021,0.3191046225506324,162.42,5.0,4.9,0.2516,0.0,52894.0
GTM,2021-05-01,2021,0.3264160457444937,162.42,5.0,4.9,0.3021,0.0,0.0
GTM,2021-06-01,2021,0.28267780917289964,162.42,5.0,4.9,0.0,0.0,0.0
GTM,2021-07-01,2021,0.28267780917289964,162.42,5.0,4.9,0.0,0.0,241219.0
GTM,2021-08-01,2021,0.28267780917289964,162.42,5.0,4.9,0.0,0.0,1248514.0
GTM,2021-09-01,2021,0.3370719021220816,162.42,5.0,4.9,0.3757,0.0,0.0
GTM,2021-10-01,2021,0.28267780917289964,162.42,5.0,4.9,0.0,0.0,157233.0
GTM,2021-11-01,2021,0.28267780917289964,162.42,5.0,4.9,0.0,0.0,1082614.0
GTM,2021-12-01,2021,0.28267780917289964,162.42,5.0,4.9,0.0,0.0,637839.0
GTM,2022-01-01,2022,0.28790865280422995,185.0,5.0,5.0,0.0,0.0,0.0
GTM,2022-02-01,2022,0.3495562566843516,185.0,5.0,5.0,0.4258,0.0,17149629.0
GTM,2022-03-01,2022,0.28790865280422995,185.0,5.0,5.0,0.0,0.0,938491.0
GTM,2022-04-01,2022,0.28790865280422995,185.0,5.0,5.0,0.0,0.0,2654348.0
GTM,2022-05-01,2022,0.3940039184767361,185.0,5.0,5.0,0.7328,0.0,0.0
GTM,2022-06-01,2022,0.28790865280422995,185.0,5.0,5.0,0.0,0.0,14963208.0
GTM,2022-07-01,2022,0.28790865280422995,185.0,5.0,5.0,0.0,0.0,11500000.0
GTM,2022-08-01,2022,0.28790865280422995,185.0,5.0,5.0,0.0,0.0,0.0
GTM,2022-09-01,2022,0.28790865280422995,185.0,5.0,5.0,0.0,0.0,6235837.0
GTM,2022-10-01,2022,0.372409883439817,185.0,5.0,5.0,0.5274,0.1875,1478261.0
GTM,2022-11-01,2022,0.3096257513998576,185.0,5.0,5.0,0.0,0.5,0.0
GTM,2022-12-01,2022,0.28790865280422995,185.0,5.0,5.0,0.0,0.0,337649.0
GTM,2023-01-01,2023,0.2940059356460941,253.33,5.1,5.0,0.0,0.0,1843658.0
GTM,2023-02-01,2023,0.2940059356460941,253.33,5.1,5.0,0.0,0.0,0.0
GTM,2023-03-01,2023,0.2940059356460941,253.33,5.1,5.0,0.0,0.0,5445113.0
GTM,2023-04-01,2023,0.2940059356460941,253.33,5.1,5.0,0.0,0.0,4760904.0
GTM,2023-05-01,2023,0.4065005063714452,253.33,5.1,5.0,0.777,0.0,10978997.0
GTM,2023-06-01,2023,0.2940059356460941,253.33,5.1,5.0,0.0,0.0,18865567.0
GTM,2023-07-01,2023,0.2940059356460941,253.33,5.1,5.0,0.0,0.0,3600665.0
GTM,2023-08-01,2023,0.2940059356460941,253.33,5.1,5.0,0.0,0.0,109409.0
GTM,2023-09-01,2023,0.2940059356460941,253.33,5.1,5.0,0.0,0.0,17563550.0
GTM,2023-10-01,2023,0.2940059356460941,253.33,5.1,5.0,0.0,0.0,0.0
GTM,2023-11-01,2023,0.2940059356460941,253.33,5.1,5.0,0.0,0.0,3412970.0
GTM,2023-12-01,2023,0.2940059356460941,253.33,5.1,5.0,0.0,0.0,1403784.0
GTM,2024-01-01,2024,0.2959917588242269,389.67,5.1,5.0,0.0,0.0,0.0
GTM,2024-02-01,2024,0.2959917588242269,389.67,5.1,5.0,0.0,0.0,1992221.0
GTM,2024-03-01,2024,0.2959917588242269,389.67,5.1,5.0,0.0,0.0,4217078.0
GTM,2024-04-01,2024,0.2959917588242269,389.67,5.1,5.0,0.0,0.0,1459227.0
GTM,2024-05-01,2024,0.2959917588242269,389.67,5.1,5.0,0.0,0.0,309222.0
GTM,2024-06-01,2024,0.38598741540450776,389.67,5.1,5.0,0.6216,0.0,4540576.0
GTM,2024-07-01,2024,0.2959917588242269,389.67,5.1,5.0,0.0,0.0,1309911.0
GTM,2024-08-01,2024,0.2959917588242269,389.67,5.1,5.0,0.0,0.0,2258926.0
GTM,2024-09-01,2024,0.2959917588242269,389.67,5.1,5.0,0.0,0.0,7757249.0
GTM,2024-10-01,2024,0.30956494544649416,389.67,5.1,5.0,0.0,0.3125,8992187.0
GTM,2024-11-01,2024,0.3566027331980506,389.67,5.1,5.0,0.353,0.2188,2079760.0
GTM,2024-12-01,2024,0.2959917588242269,389.67,5.1,5.0,0.0,0.0,0.0
GUY,2019-01-01,2019,0.2724833517424059,1942.0,4.1,5.1,0.0,0.0,0.0
GUY,2019-02-01,2019,0.2724833517424059,1942.0,4.1,5.1,0.0,0.0,1568169.0
GUY,2019-03-01,2019,0.2724833517424059,1942.0,4.1,5.1,0.0,0.0,6939815.0
GUY,2019-04-01,2019,0.2724833517424059,1942.0,4.1,5.1,0.0,0.0,2158603.0
GUY,2019-05-01,2019,0.2724833517424059,1942.0,4.1,5.1,0.0,0.0,3025142.0
GUY,2019-06-01,2019,0.2724833517424059,1942.0,4.1,5.1,0.0,0.0,5234233.0
GUY,2019-07-01,2019,0.2724833517424059,1942.0,4.1,5.1,0.0,0.0,1412374.0
GUY,2019-08-01,2019,0.2724833517424059,1942.0,4.1,5.1,0.0,0.0,0.0
GUY,2019-09-01,2019,0.2724833517424059,1942.0,4.1,5.1,0.0,0.0,1336248.0
GUY,2019-10-01,2019,0.2724833517424059,1942.0,4.1,5.1,0.0,0.0,2849915.0
GUY,2019-11-01,2019,0.2724833517424059,1942.0,4.1,5.1,0.0,0.0,0.0
GUY,2019-12-01,2019,0.2724833517424059,1942.0,4.1,5.1,0.0,0.0,0.0
GUY,2020-01-01,2020,0.2573773093254392,1942.0,3.9,5.0,0.0,0.0,666473.0
GUY,2020-02-01,2020,0.2573773093254392,1942.0,3.9,5.0,0.0,0.0,2237787.0
GUY,2020-03-01,2020,0.2573773093254392,1942.0,3.9,5.0,0.0,0.0,1142682.0
GUY,2020-04-01,2020,0.2573773093254392,1942.0,3.9,5.0,0.0,0.0,8288088.0
GUY,2020-05-01,2020,0.2573773093254392,1942.0,3.9,5.0,0.0,0.0,3224564.0
GUY,2020-06-01,2020,0.2573773093254392,1942.0,3.9,5.0,0.0,0.0,10917349.0
GUY,2020-07-01,2020,0.2573773093254392,1942.0,3.9,5.0,0.0,0.0,7306077.0
GUY,2020-08-01,2020,0.2573773093254392,1942.0,3.9,5.0,0.0,0.0,346286.0
GUY,2020-09-01,2020,0.2573773093254392,1942.0,3.9,5.0,0.0,0.0,615707.0
GUY,2020-10-01,2020,0.2573773093254392,1942.0,3.9,5.0,0.0,0.0,52500.0
GUY,2020-11-01,2020,0.2573773093254392,1942.0,3.9,5.0,0.0,0.0,1860347.0
GUY,2020-12-01,2020,0.2573773093254392,1942.0,3.9,5.0,0.0,0.0,0.0
GUY,2021-01-01,2021,0.260966876433537,2525.0,3.9,4.9,0.0,0.0,176699.0
GUY,2021-02-01,2021,0.260966876433537,2525.0,3.9,4.9,0.0,0.0,7728133.0
GUY,2021-03-01,2021,0.260966876433537,2525.0,3.9,4.9,0.0,0.0,105888.0
GUY,2021-04-01,2021,0.260966876433537,2525.0,3.9,4.9,0.0,0.0,588658.0
GUY,2021-05-01,2021,0.3102936463770726,2525.0,3.9,4.9,0.3407,0.0,0.0
GUY,2021-06-01,2021,0.260966876433537,2525.0,3.9,4.9,0.0,0.0,6058894.0
GUY,2021-07-01,2021,0.260966876433537,2525.0,3.9,4.9,0.0,0.0,2082772.0
GUY,2021-08-01,2021,0.260966876433537,2525.0,3.9,4.9,0.0,0.0,4.0
GUY,2021-09-01,2021,0.260966876433537,2525.0,3.9,4.9,0.0,0.0,0.0
GUY,2021-10-01,2021,0.260966876433537,2525.0,3.9,4.9,0.0,0.0,0.0
GUY,2021-11-01,2021,0.260966876433537,2525.0,3.9,4.9,0.0,0.0,0.0
GUY,2021-12-01,2021,0.260966876433537,2525.0,3.9,4.9,0.0,0.0,0.0
GUY,2022-01-01,2022,0.269495956852421,2410.0,4.1,4.9,0.0,0.0,4616374.0
GUY,2022-02-01,2022,0.269495956852421,2410.0,4.1,4.9,0.0,0.0,10492213.0
GUY,2022-03-01,2022,0.269495956852421,2410.0,4.1,4.9,0.0,0.0,2900159.0
GUY,2022-04-01,2022,0.269495956852421,2410.0,4.1,4.9,0.0,0.0,1537880.0
GUY,2022-05-01,2022,0.29884299608797915,2410.0,4.1,4.9,0.2027,0.0,674385.0
GUY,2022-06-01,2022,0.269495956852421,2410.0,4.1,4.9,0.0,0.0,3543626.0
GUY,2022-07-01,2022,0.269495956852421,2410.0,4.1,4.9,0.0,0.0,571598.0
GUY,2022-08-01,2022,0.269495956852421,2410.0,4.1,4.9,0.0,0.0,59302.0
GUY,2022-09-01,2022,0.269495956852421,2410.0,4.1,4.9,0.0,0.0,2573173.0
GUY,2022-10-01,2022,0.269495956852421,2410.0,4.1,4.9,0.0,0.0,0.0
GUY,2022-11-01,2022,0.269495956852421,2410.0,4.1,4.9,0.0,0.0,5021057.0
GUY,2022-12-01,2022,0.269495956852421,2410.0,4.1,4.9,0.0,0.0,5303.0
GUY,2023-01-01,2023,0.2587238313298811,2371.0,3.9,4.9,0.0,0.0,0.0
GUY,2023-02-01,2023,0.2587238313298811,2371.0,3.9,4.9,0.0,0.0,0.0
GUY,2023-03-01,2023,0.2587238313298811,2371.0,3.9,4.9,0.0,0.0,459168.0
GUY,2023-04-01,2023,0.2587238313298811,2371.0,3.9,4.9,0.0,0.0,542489.0
GUY,2023-05-01,2023,0.2587238313298811,2371.0,3.9,4.9,0.0,0.0,30905.0
GUY,2023-06-01,2023,0.2587238313298811,2371.0,3.9,4.9,0.0,0.0,6428455.0
GUY,2023-07-01,2023,0.2587238313298811,2371.0,3.9,4.9,0.0,0.0,219000.0
GUY,2023-08-01,2023,0.2587238313298811,2371.0,3.9,4.9,0.0,0.0,0.0
GUY,2023-09-01,2023,0.2587238313298811,2371.0,3.9,4.9,0.0,0.0,2101718.0
GUY,2023-10-01,2023,0.2587238313298811,2371.0,3.9,4.9,0.0,0.0,0.0
GUY,2023-11-01,2023,0.2587238313298811,2371.0,3.9,4.9,0.0,0.0,0.0
GUY,2023-12-01,2023,0.2587238313298811,2371.0,3.9,4.9,0.0,0.0,0.0
GUY,2024-01-01,2024,0.2605736152789999,2498.0,3.9,4.9,0.0,0.0,0.0
GUY,2024-02-01,2024,0.2605736152789999,2498.0,3.9,4.9,0.0,0.0,0.0
GUY,2024-03-01,2024,0.2605736152789999,2498.0,3.9,4.9,0.0,0.0,0.0
GUY,2024-04-01,2024,0.2605736152789999,2498.0,3.9,4.9,0.0,0.0,0.0
GUY,2024-05-01,2024,0.2605736152789999,2498.0,3.9,4.9,0.0,0.0,0.0
GUY,2024-06-01,2024,0.2605736152789999,2498.0,3.9,4.9,0.0,0.0,6367935.0
GUY,2024-07-01,2024,0.2605736152789999,2498.0,3.9,4.9,0.0,0.0,0.0
GUY,2024-08-01,2024,0.2605736152789999,2498.0,3.9,4.9,0.0,0.0,3691508.0
GUY,2024-09-01,2024,0.2605736152789999,2498.0,3.9,4.9,0.0,0.0,1036145.0
GUY,2024-10-01,2024,0.2605736152789999,2498.0,3.9,4.9,0.0,0.0,0.0
GUY,2024-11-01,2024,0.2605736152789999,2498.0,3.9,4.9,0.0,0.0,0.0
GUY,2024-12-01,2024,0.2605736152789999,2498.0,3.9,4.9,0.0,0.0,340776.0
HND,2019-01-01,2019,0.31975109606885915,15.33,5.0,5.7,0.0,0.0,622687.0
HND,2019-02-01,2019,0.31975109606885915,15.33,5.0,5.7,0.0,0.0,0.0
HND,2019-03-01,2019,0.31975109606885915,15.33,5.0,5.7,0.0,0.0,0.0
HND,2019-04-01,2019,0.31975109606885915,15.33,5.0,5.7,0.0,0.0,2999924.0
HND,2019-05-01,2019,0.31975109606885915,15.33,5.0,5.7,0.0,0.0,0.0
HND,2019-06-01,2019,0.31975109606885915,15.33,5.0,5.7,0.0,0.0,0.0
HND,2019-07-01,2019,0.31975109606885915,15.33,5.0,5.7,0.0,0.0,0.0
HND,2019-08-01,2019,0.31975109606885915,15.33,5.0,5.7,0.0,0.0,33034.0
HND,2019-09-01,2019,0.31975109606885915,15.33,5.0,5.7,0.0,0.0,0.0
HND,2019-10-01,2019,0.31975109606885915,15.33,5.0,5.7,0.0,0.0,0.0
HND,2019-11-01,2019,0.31975109606885915,15.33,5.0,5.7,0.0,0.0,462050.0
HND,2019-12-01,2019,0.31975109606885915,15.33,5.0,5.7,0.0,0.0,0.0
HND,2020-01-01,2020,0.32487381950886873,16.75,5.1,5.7,0.0,0.0,1137615.0
HND,2020-02-01,2020,0.38382850316313255,16.75,5.1,5.7,0.4072,0.0,0.0
HND,2020-03-01,2020,0.32487381950886873,16.75,5.1,5.7,0.0,0.0,3749999.0
HND,2020-04-01,2020,0.32487381950886873,16.75,5.1,5.7,0.0,0.0,1461540.0
HND,2020-05-01,2020,0.3748665804760035,16.75,5.1,5.7,0.3453,0.0,77622.0
HND,2020-06-01,2020,0.32487381950886873,16.75,5.1,5.7,0.0,0.0,1455630.0
HND,2020-07-01,2020,0.32487381950886873,16.75,5.1,5.7,0.0,0.0,1400000.0
HND,2020-08-01,2020,0.3330177314822291,16.75,5.1,5.7,0.0,0.1875,0.0
HND,2020-09-01,2020,0.32487381950886873,16.75,5.1,5.7,0.0,0.0,36299.0
HND,2020-10-01,2020,0.32487381950886873,16.75,5.1,5.7,0.0,0.0,39347.0
HND,2020-11-01,2020,0.47487381950886876,16.75,5.1,5.7,0.7998,0.7875,676452.0
HND,2020-12-01,2020,0.32487381950886873,16.75,5.1,5.7,0.0,0.0,4181045.0
HND,2021-01-01,2021,0.34493280100795964,20.25,5.3,5.9,0.0,0.0,9306294.0
HND,2021-02-01,2021,0.34493280100795964,20.25,5.3,5.9,0.0,0.0,1728045.0
HND,2021-03-01,2021,0.34493280100795964,20.25,5.3,5.9,0.0,0.0,395512.0
HND,2021-04-01,2021,0.34493280100795964,20.25,5.3,5.9,0.0,0.0,100000.0
HND,2021-05-01,2021,0.34493280100795964,20.25,5.3,5.9,0.0,0.0,2160.0
HND,2021-06-01,2021,0.34493280100795964,20.25,5.3,5.9,0.0,0.0,11157488.0
HND,2021-07-01,2021,0.34493280100795964,20.25,5.3,5.9,0.0,0.0,238339.0
HND,2021-08-01,2021,0.34493280100795964,20.25,5.3,5.9,0.0,0.0,12546843.0
HND,2021-09-01,2021,0.34493280100795964,20.25,5.3,5.9,0.0,0.0,0.0
HND,2021-10-01,2021,0.34493280100795964,20.25,5.3,5.9,0.0,0.0,2194976.0
HND,2021-11-01,2021,0.34493280100795964,20.25,5.3,5.9,0.0,0.0,2605967.0
HND,2021-12-01,2021,0.34493280100795964,20.25,5.3,5.9,0.0,0.0,1200724.0
HND,2022-01-01,2022,0.350070089675915,22.67,5.4,5.9,0.0,0.0,1307724.0
HND,2022-02-01,2022,0.3854544823210576,22.67,5.4,5.9,0.2444,0.0,11844150.0
HND,2022-03-01,2022,0.350070089675915,22.67,5.4,5.9,0.0,0.0,5699987.0
HND,2022-04-01,2022,0.350070089675915,22.67,5.4,5.9,0.0,0.0,17902405.0
HND,2022-05-01,2022,0.350070089675915,22.67,5.4,5.9,0.0,0.0,130435.0
HND,2022-06-01,2022,0.350070089675915,22.67,5.4,5.9,0.0,0.0,53816049.0
HND,2022-07-01,2022,0.42438600107015273,22.67,5.4,5.9,0.5133,0.0,10411821.0
HND,2022-08-01,2022,0.350070089675915,22.67,5.4,5.9,0.0,0.0,0.0
HND,2022-09-01,2022,0.350070089675915,22.67,5.4,5.9,0.0,0.0,258121.0
HND,2022-10-01,2022,0.43216651359367964,22.67,5.4,5.9,0.5014,0.2188,2331524.0
HND,2022-11-01,2022,0.350070089675915,22.67,5.4,5.9,0.0,0.0,0.0
HND,2022-12-01,2022,0.350070089675915,22.67,5.4,5.9,0.0,0.0,0.0
HND,2023-01-01,2023,0.3988077968954229,23.58,5.5,5.9,0.3013,0.0,5274926.0
HND,2023-02-01,2023,0.3551853848496722,23.58,5.5,5.9,0.0,0.0,12048300.0
HND,2023-03-01,2023,0.3551853848496722,23.58,5.5,5.9,0.0,0.0,890227.0
HND,2023-04-01,2023,0.3551853848496722,23.58,5.5,5.9,0.0,0.0,4299302.0
HND,2023-05-01,2023,0.3551853848496722,23.58,5.5,5.9,0.0,0.0,14597470.0
HND,2023-06-01,2023,0.3551853848496722,23.58,5.5,5.9,0.0,0.0,51529705.0
HND,2023-07-01,2023,0.3551853848496722,23.58,5.5,5.9,0.0,0.0,7122906.0
HND,2023-08-01,2023,0.3551853848496722,23.58,5.5,5.9,0.0,0.0,1830954.0
HND,2023-09-01,2023,0.3551853848496722,23.58,5.5,5.9,0.0,0.0,6325141.0
HND,2023-10-01,2023,0.3683546334380608,23.58,5.5,5.9,0.0441,0.1562,425080.0
HND,2023-11-01,2023,0.42077102260846766,23.58,5.5,5.9,0.453,0.0,1996415.0
HND,2023-12-01,2023,0.3551853848496722,23.58,5.5,5.9,0.0,0.0,0.0
HND,2024-01-01,2024,0.35525588055293,28.42,5.5,5.9,0.0,0.0,4192.0
HND,2024-02-01,2024,0.35525588055293,28.42,5.5,5.9,0.0,0.0,7480503.0
HND,2024-03-01,2024,0.35525588055293,28.42,5.5,5.9,0.0,0.0,7054673.0
HND,2024-04-01,2024,0.35525588055293,28.42,5.5,5.9,0.0,0.0,1459227.0
HND,2024-05-01,2024,0.35525588055293,28.42,5.5,5.9,0.0,0.0,6078232.0
HND,2024-06-01,2024,0.39617089430709246,28.42,5.5,5.9,0.2826,0.0,53075665.0
HND,2024-07-01,2024,0.35525588055293,28.42,5.5,5.9,0.0,0.0,365497.0
HND,2024-08-01,2024,0.35525588055293,28.42,5.5,5.9,0.0,0.0,1600000.0
HND,2024-09-01,2024,0.35525588055293,28.42,5.5,5.9,0.0,0.0,1376284.0
HND,2024-10-01,2024,0.35525588055293,28.42,5.5,5.9,0.0,0.0,5039908.0
HND,2024-11-01,2024,0.43309864875909765,28.42,5.5,5.9,0.4533,0.2812,1379610.0
HND,2024-12-01,2024,0.35525588055293,28.42,5.5,5.9,0.0,0.0,2605209.0
HTI,2019-01-01,2019,0.4491857892644847,0.42,6.1,7.2,0.0,0.0,4981697.0
HTI,2019-02-01,2019,0.4491857892644847,0.42,6.1,7.2,0.0,0.0,3112571.0
HTI,2019-03-01,2019,0.4491857892644847,0.42,6.1,7.2,0.0,0.0,1127703.0
HTI,2019-04-01,2019,0.4491857892644847,0.42,6.1,7.2,0.0,0.0,4571806.0
HTI,2019-05-01,2019,0.4491857892644847,0.42,6.1,7.2,0.0,0.0,9326444.0
HTI,2019-06-01,2019,0.5074020915664972,0.42,6.1,7.2,0.4021,0.0,14114172.0
HTI,2019-07-01,2019,0.4491857892644847,0.42,6.1,7.2,0.0,0.0,0.0
HTI,2019-08-01,2019,0.4491857892644847,0.42,6.1,7.2,0.0,0.0,5081432.0
HTI,2019-09-01,2019,0.5010606987765739,0.42,6.1,7.2,0.3583,0.0,2039648.0
HTI,2019-10-01,2019,0.4491857892644847,0.42,6.1,7.2,0.0,0.0,5243361.0
HTI,2019-11-01,2019,0.4491857892644847,0.42,6.1,7.2,0.0,0.0,1054807.0
HTI,2019-12-01,2019,0.4491857892644847,0.42,6.1,7.2,0.0,0.0,0.0
HTI,2020-01-01,2020,0.43367958678349233,0.42,5.7,7.3,0.0,0.0,8644130.0
HTI,2020-02-01,2020,0.43367958678349233,0.42,5.7,7.3,0.0,0.0,1067632.0
HTI,2020-03-01,2020,0.43367958678349233,0.42,5.7,7.3,0.0,0.0,19937468.0
HTI,2020-04-01,2020,0.43367958678349233,0.42,5.7,7.3,0.0,0.0,5024665.0
HTI,2020-05-01,2020,0.43367958678349233,0.42,5.7,7.3,0.0,0.0,12550802.0
HTI,2020-06-01,2020,0.43367958678349233,0.42,5.7,7.3,0.0,0.0,19374436.0
HTI,2020-07-01,2020,0.43367958678349233,0.42,5.7,7.3,0.0,0.0,12852343.0
HTI,2020-08-01,2020,0.5331062553805678,0.42,5.7,7.3,0.5836,0.3438,853357.0
HTI,2020-09-01,2020,0.43367958678349233,0.42,5.7,7.3,0.0,0.0,40679200.0
HTI,2020-10-01,2020,0.43367958678349233,0.42,5.7,7.3,0.0,0.0,22845451.0
HTI,2020-11-01,2020,0.43367958678349233,0.42,5.7,7.3,0.0,0.0,3133578.0
HTI,2020-12-01,2020,0.43367958678349233,0.42,5.7,7.3,0.0,0.0,1270286.0
HTI,2021-01-01,2021,0.45938375350140054,0.0,6.3,7.2,0.0,0.0,6968661.0
HTI,2021-02-01,2021,0.45938375350140054,0.0,6.3,7.2,0.0,0.0,1827137.0
HTI,2021-03-01,2021,0.45938375350140054,0.0,6.3,7.2,0.0,0.0,4824303.0
HTI,2021-04-01,2021,0.5234057601613108,0.0,6.3,7.2,0.4422,0.0,7953886.0
HTI,2021-05-01,2021,0.45938375350140054,0.0,6.3,7.2,0.0,0.0,0.0
HTI,2021-06-01,2021,0.45938375350140054,0.0,6.3,7.2,0.0,0.0,19876192.0
HTI,2021-07-01,2021,0.4659278392115497,0.0,6.3,7.2,0.0452,0.0,3104093.0
HTI,2021-08-01,2021,0.6056484125429525,0.0,6.3,7.2,0.939,0.2375,26339002.0
HTI,2021-09-01,2021,0.45938375350140054,0.0,6.3,7.2,0.0,0.0,22128841.0
HTI,2021-10-01,2021,0.45938375350140054,0.0,6.3,7.2,0.0,0.0,9861488.0
HTI,2021-11-01,2021,0.45938375350140054,0.0,6.3,7.2,0.0,0.0,9643298.0
HTI,2021-12-01,2021,0.45938375350140054,0.0,6.3,7.2,0.0,0.0,2048122.0
HTI,2022-01-01,2022,0.5306418383192282,0.0,6.5,7.2,0.4217,0.0,1208006.0
HTI,2022-02-01,2022,0.46958783513405367,0.0,6.5,7.2,0.0,0.0,13031907.0
HTI,2022-03-01,2022,0.5090550423151743,0.0,6.5,7.2,0.2726,0.0,19876958.0
HTI,2022-04-01,2022,0.46958783513405367,0.0,6.5,7.2,0.0,0.0,18566147.0
HTI,2022-05-01,2022,0.46958783513405367,0.0,6.5,7.2,0.0,0.0,941848.0
HTI,2022-06-01,2022,0.46958783513405367,0.0,6.5,7.2,0.0,0.0,28924357.0
HTI,2022-07-01,2022,0.46958783513405367,0.0,6.5,7.2,0.0,0.0,43737390.0
HTI,2022-08-01,2022,0.46958783513405367,0.0,6.5,7.2,0.0,0.0,33910217.0
HTI,2022-09-01,2022,0.46958783513405367,0.0,6.5,7.2,0.0,0.0,5593305.0
HTI,2022-10-01,2022,0.46958783513405367,0.0,6.5,7.2,0.0,0.0,18569198.0
HTI,2022-11-01,2022,0.46958783513405367,0.0,6.5,7.2,0.0,0.0,16589497.0
HTI,2022-12-01,2022,0.46958783513405367,0.0,6.5,7.2,0.0,0.0,8853240.0
HTI,2023-01-01,2023,0.48489395758303316,0.0,6.8,7.2,0.0,0.0,26006892.0
HTI,2023-02-01,2023,0.48489395758303316,0.0,6.8,7.2,0.0,0.0,4624168.0
HTI,2023-03-01,2023,0.48489395758303316,0.0,6.8,7.2,0.0,0.0,4660933.0
HTI,2023-04-01,2023,0.48489395758303316,0.0,6.8,7.2,0.0,0.0,9599742.0
HTI,2023-05-01,2023,0.48489395758303316,0.0,6.8,7.2,0.0,0.0,25413425.0
HTI,2023-06-01,2023,0.5833448045498784,0.0,6.8,7.2,0.68,0.0,64627074.0
HTI,2023-07-01,2023,0.48489395758303316,0.0,6.8,7.2,0.0,0.0,9209405.0
HTI,2023-08-01,2023,0.48489395758303316,0.0,6.8,7.2,0.0,0.0,3210934.0
HTI,2023-09-01,2023,0.48489395758303316,0.0,6.8,7.2,0.0,0.0,124380190.0
HTI,2023-10-01,2023,0.48489395758303316,0.0,6.8,7.2,0.0,0.0,136602.0
HTI,2023-11-01,2023,0.49501412552859564,0.0,6.8,7.2,0.0699,0.0,8297677.0
HTI,2023-12-01,2023,0.48489395758303316,0.0,6.8,7.2,0.0,0.0,2184825.0
HTI,2024-01-01,2024,0.49510415661142354,0.42,7.0,7.2,0.0,0.0,19994477.0
HTI,2024-02-01,2024,0.49510415661142354,0.42,7.0,7.2,0.0,0.0,5384757.0
HTI,2024-03-01,2024,0.49510415661142354,0.42,7.0,7.2,0.0,0.0,1575813.0
HTI,2024-04-01,2024,0.49510415661142354,0.42,7.0,7.2,0.0,0.0,41684298.0
HTI,2024-05-01,2024,0.49510415661142354,0.42,7.0,7.2,0.0,0.0,29115301.0
HTI,2024-06-01,2024,0.49510415661142354,0.42,7.0,7.2,0.0,0.0,52628758.0
HTI,2024-07-01,2024,0.49510415661142354,0.42,7.0,7.2,0.0,0.0,14173617.0
HTI,2024-08-01,2024,0.49510415661142354,0.42,7.0,7.2,0.0,0.0,31786501.0
HTI,2024-09-01,2024,0.49510415661142354,0.42,7.0,7.2,0.0,0.0,663256.0
HTI,2024-10-01,2024,0.49510415661142354,0.42,7.0,7.2,0.0,0.0,3317629.0
HTI,2024-11-01,2024,0.5776436093405389,0.42,7.0,7.2,0.5701,0.0,6729043.0
HTI,2024-12-01,2024,0.5527558143499497,0.42,7.0,7.2,0.3982,0.0,7308745.0
JAM,2019-01-01,2019,0.10944989490674165,0.42,2.9,3.6,0.0,0.0,0.0
JAM,2019-02-01,2019,0.10944989490674165,0.42,2.9,3.6,0.0,0.0,0.0
JAM,2019-03-01,2019,0.10944989490674165,0.42,2.9,3.6,0.0,0.0,0.0
JAM,2019-04-01,2019,0.10944989490674165,0.42,2.9,3.6,0.0,0.0,0.0
JAM,2019-05-01,2019,0.10944989490674165,0.42,2.9,3.6,0.0,0.0,0.0
JAM,2019-06-01,2019,0.10944989490674165,0.42,2.9,3.6,0.0,0.0,0.0
JAM,2019-07-01,2019,0.10944989490674165,0.42,2.9,3.6,0.0,0.0,0.0
JAM,2019-08-01,2019,0.10944989490674165,0.42,2.9,3.6,0.0,0.0,0.0
JAM,2019-09-01,2019,0.10944989490674165,0.42,2.9,3.6,0.0,0.0,0.0
JAM,2019-10-01,2019,0.10944989490674165,0.42,2.9,3.6,0.0,0.0,0.0
JAM,2019-11-01,2019,0.10944989490674165,0.42,2.9,3.6,0.0,0.0,0.0
JAM,2019-12-01,2019,0.10944989490674165,0.42,2.9,3.6,0.0,0.0,0.0
JAM,2020-01-01,2020,0.10948266666961973,2.67,2.9,3.6,0.0,0.0,0.0
JAM,2020-02-01,2020,0.10948266666961973,2.67,2.9,3.6,0.0,0.0,0.0
JAM,2020-03-01,2020,0.10948266666961973,2.67,2.9,3.6,0.0,0.0,0.0
JAM,2020-04-01,2020,0.10948266666961973,2.67,2.9,3.6,0.0,0.0,0.0
JAM,2020-05-01,2020,0.10948266666961973,2.67,2.9,3.6,0.0,0.0,411066.0
JAM,2020-06-01,2020,0.10948266666961973,2.67,2.9,3.6,0.0,0.0,0.0
JAM,2020-07-01,2020,0.10948266666961973,2.67,2.9,3.6,0.0,0.0,0.0
JAM,2020-08-01,2020,0.10948266666961973,2.67,2.9,3.6,0.0,0.0,514286.0
JAM,2020-09-01,2020,0.10948266666961973,2.67,2.9,3.6,0.0,0.0,0.0
JAM,2020-10-01,2020,0.10948266666961973,2.67,2.9,3.6,0.0,0.0,126000.0
JAM,2020-11-01,2020,0.10948266666961973,2.67,2.9,3.6,0.0,0.0,16023.0
JAM,2020-12-01,2020,0.10948266666961973,2.67,2.9,3.6,0.0,0.0,0.0
JAM,2021-01-01,2021,0.10948747319484185,3.0,2.9,3.6,0.0,0.0,0.0
JAM,2021-02-01,2021,0.10948747319484185,3.0,2.9,3.6,0.0,0.0,0.0
JAM,2021-03-01,2021,0.10948747319484185,3.0,2.9,3.6,0.0,0.0,1000000.0
JAM,2021-04-01,2021,0.10948747319484185,3.0,2.9,3.6,0.0,0.0,0.0
JAM,2021-05-01,2021,0.10948747319484185,3.0,2.9,3.6,0.0,0.0,0.0
JAM,2021-06-01,2021,0.10948747319484185,3.0,2.9,3.6,0.0,0.0,0.0
JAM,2021-07-01,2021,0.12306065981710912,3.0,2.9,3.6,0.0,0.3125,0.0
JAM,2021-08-01,2021,0.12306065981710912,3.0,2.9,3.6,0.0,0.3125,0.0
JAM,2021-09-01,2021,0.10948747319484185,3.0,2.9,3.6,0.0,0.0,0.0
JAM,2021-10-01,2021,0.10948747319484185,3.0,2.9,3.6,0.0,0.0,0.0
JAM,2021-11-01,2021,0.10948747319484185,3.0,2.9,3.6,0.0,0.0,0.0
JAM,2021-12-01,2021,0.10948747319484185,3.0,2.9,3.6,0.0,0.0,0.0
JAM,2022-01-01,2022,0.11458339661543114,2.58,3.0,3.6,0.0,0.0,0.0
JAM,2022-02-01,2022,0.11458339661543114,2.58,3.0,3.6,0.0,0.0,10000000.0
JAM,2022-03-01,2022,0.11458339661543114,2.58,3.0,3.6,0.0,0.0,0.0
JAM,2022-04-01,2022,0.11458339661543114,2.58,3.0,3.6,0.0,0.0,0.0
JAM,2022-05-01,2022,0.11458339661543114,2.58,3.0,3.6,0.0,0.0,0.0
JAM,2022-06-01,2022,0.11458339661543114,2.58,3.0,3.6,0.0,0.0,0.0
JAM,2022-07-01,2022,0.11458339661543114,2.58,3.0,3.6,0.0,0.0,0.0
JAM,2022-08-01,2022,0.11458339661543114,2.58,3.0,3.6,0.0,0.0,0.0
JAM,2022-09-01,2022,0.11458339661543114,2.58,3.0,3.6,0.0,0.0,0.0
JAM,2022-10-01,2022,0.11458339661543114,2.58,3.0,3.6,0.0,0.0,0.0
JAM,2022-11-01,2022,0.11458339661543114,2.58,3.0,3.6,0.0,0.0,0.0
JAM,2022-12-01,2022,0.11458339661543114,2.58,3.0,3.6,0.0,0.0,0.0
JAM,2023-01-01,2023,0.10454181672669066,0.0,2.9,3.5,0.0,0.0,0.0
JAM,2023-02-01,2023,0.10454181672669066,0.0,2.9,3.5,0.0,0.0,0.0
JAM,2023-03-01,2023,0.10454181672669066,0.0,2.9,3.5,0.0,0.0,0.0
JAM,2023-04-01,2023,0.10454181672669066,0.0,2.9,3.5,0.0,0.0,0.0
JAM,2023-05-01,2023,0.10454181672669066,0.0,2.9,3.5,0.0,0.0,0.0
JAM,2023-06-01,2023,0.10454181672669066,0.0,2.9,3.5,0.0,0.0,0.0
JAM,2023-07-01,2023,0.10454181672669066,0.0,2.9,3.5,0.0,0.0,0.0
JAM,2023-08-01,2023,0.10454181672669066,0.0,2.9,3.5,0.0,0.0,0.0
JAM,2023-09-01,2023,0.10454181672669066,0.0,2.9,3.5,0.0,0.0,0.0
JAM,2023-10-01,2023,0.10454181672669066,0.0,2.9,3.5,0.0,0.0,0.0
JAM,2023-11-01,2023,0.11268572870005102,0.0,2.9,3.5,0.0,0.1875,0.0
JAM,2023-12-01,2023,0.10454181672669066,0.0,2.9,3.5,0.0,0.0,0.0
JAM,2024-01-01,2024,0.1094437775110044,0.0,2.9,3.6,0.0,0.0,0.0
JAM,2024-02-01,2024,0.1094437775110044,0.0,2.9,3.6,0.0,0.0,0.0
JAM,2024-03-01,2024,0.1094437775110044,0.0,2.9,3.6,0.0,0.0,0.0
JAM,2024-04-01,2024,0.1094437775110044,0.0,2.9,3.6,0.0,0.0,0.0
JAM,2024-05-01,2024,0.1094437775110044,0.0,2.9,3.6,0.0,0.0,0.0
JAM,2024-06-01,2024,0.1094437775110044,0.0,2.9,3.6,0.0,0.0,5113550.0
JAM,2024-07-01,2024,0.21001421330078288,0.0,2.9,3.6,0.479,0.7188,2498399.0
JAM,2024-08-01,2024,0.1094437775110044,0.0,2.9,3.6,0.0,0.0,0.0
JAM,2024-09-01,2024,0.1094437775110044,0.0,2.9,3.6,0.0,0.0,0.0
JAM,2024-10-01,2024,0.1094437775110044,0.0,2.9,3.6,0.0,0.0,0.0
JAM,2024-11-01,2024,0.11956394545656687,0.0,2.9,3.6,0.0699,0.0,0.0
JAM,2024-12-01,2024,0.1094437775110044,0.0,2.9,3.6,0.0,0.0,0.0
NIC,2019-01-01,2019,0.30416516853864917,37.33,4.4,6.0,0.0,0.0,647595.0
NIC,2019-02-01,2019,0.30416516853864917,37.33,4.4,6.0,0.0,0.0,0.0
NIC,2019-03-01,2019,0.30416516853864917,37.33,4.4,6.0,0.0,0.0,0.0
NIC,2019-04-01,2019,0.30416516853864917,37.33,4.4,6.0,0.0,0.0,400000.0
NIC,2019-05-01,2019,0.30416516853864917,37.33,4.4,6.0,0.0,0.0,0.0
NIC,2019-06-01,2019,0.30416516853864917,37.33,4.4,6.0,0.0,0.0,1175869.0
NIC,2019-07-01,2019,0.30416516853864917,37.33,4.4,6.0,0.0,0.0,0.0
NIC,2019-08-01,2019,0.30416516853864917,37.33,4.4,6.0,0.0,0.0,0.0
NIC,2019-09-01,2019,0.30416516853864917,37.33,4.4,6.0,0.0,0.0,0.0
NIC,2019-10-01,2019,0.30416516853864917,37.33,4.4,6.0,0.0,0.0,0.0
NIC,2019-11-01,2019,0.30416516853864917,37.33,4.4,6.0,0.0,0.0,462050.0
NIC,2019-12-01,2019,0.30416516853864917,37.33,4.4,6.0,0.0,0.0,0.0
NIC,2020-01-01,2020,0.3192579565981852,36.42,4.6,6.1,0.0,0.0,761686.0
NIC,2020-02-01,2020,0.3192579565981852,36.42,4.6,6.1,0.0,0.0,0.0
NIC,2020-03-01,2020,0.3192579565981852,36.42,4.6,6.1,0.0,0.0,0.0
NIC,2020-04-01,2020,0.3192579565981852,36.42,4.6,6.1,0.0,0.0,0.0
NIC,2020-05-01,2020,0.3192579565981852,36.42,4.6,6.1,0.0,0.0,267500.0
NIC,2020-06-01,2020,0.3192579565981852,36.42,4.6,6.1,0.0,0.0,3075370.0
NIC,2020-07-01,2020,0.3192579565981852,36.42,4.6,6.1,0.0,0.0,0.0
NIC,2020-08-01,2020,0.3192579565981852,36.42,4.6,6.1,0.0,0.0,0.0
NIC,2020-09-01,2020,0.3192579565981852,36.42,4.6,6.1,0.0,0.0,0.0
NIC,2020-10-01,2020,0.3192579565981852,36.42,4.6,6.1,0.0,0.0,1055467.0
NIC,2020-11-01,2020,0.4464115688755849,36.42,4.6,6.1,0.6345,0.8125,391384.0
NIC,2020-12-01,2020,0.3192579565981852,36.42,4.6,6.1,0.0,0.0,1100000.0
NIC,2021-01-01,2021,0.32966444869932243,36.58,4.9,6.0,0.0,0.0,5344358.0
NIC,2021-02-01,2021,0.32966444869932243,36.58,4.9,6.0,0.0,0.0,0.0
NIC,2021-03-01,2021,0.32966444869932243,36.58,4.9,6.0,0.0,0.0,0.0
NIC,2021-04-01,2021,0.32966444869932243,36.58,4.9,6.0,0.0,0.0,116062.0
NIC,2021-05-01,2021,0.32966444869932243,36.58,4.9,6.0,0.0,0.0,0.0
NIC,2021-06-01,2021,0.32966444869932243,36.58,4.9,6.0,0.0,0.0,761951.0
NIC,2021-07-01,2021,0.32966444869932243,36.58,4.9,6.0,0.0,0.0,0.0
NIC,2021-08-01,2021,0.32966444869932243,36.58,4.9,6.0,0.0,0.0,0.0
NIC,2021-09-01,2021,0.32966444869932243,36.58,4.9,6.0,0.0,0.0,0.0
NIC,2021-10-01,2021,0.32966444869932243,36.58,4.9,6.0,0.0,0.0,0.0
NIC,2021-11-01,2021,0.32966444869932243,36.58,4.9,6.0,0.0,0.0,0.0
NIC,2021-12-01,2021,0.32966444869932243,36.58,4.9,6.0,0.0,0.0,0.0
NIC,2022-01-01,2022,0.3343626881446369,36.33,4.8,6.2,0.0,0.0,0.0
NIC,2022-02-01,2022,0.3343626881446369,36.33,4.8,6.2,0.0,0.0,11997902.0
NIC,2022-03-01,2022,0.3343626881446369,36.33,4.8,6.2,0.0,0.0,391543.0
NIC,2022-04-01,2022,0.3343626881446369,36.33,4.8,6.2,0.0,0.0,3907630.0
NIC,2022-05-01,2022,0.3343626881446369,36.33,4.8,6.2,0.0,0.0,0.0
NIC,2022-06-01,2022,0.3343626881446369,36.33,4.8,6.2,0.0,0.0,5782184.0
NIC,2022-07-01,2022,0.4005925998284359,36.33,4.8,6.2,0.3637,0.3125,0.0
NIC,2022-08-01,2022,0.3343626881446369,36.33,4.8,6.2,0.0,0.0,0.0
NIC,2022-09-01,2022,0.3343626881446369,36.33,4.8,6.2,0.0,0.0,0.0
NIC,2022-10-01,2022,0.4119129994230501,36.33,4.8,6.2,0.395,0.4688,0.0
NIC,2022-11-01,2022,0.3343626881446369,36.33,4.8,6.2,0.0,0.0,0.0
NIC,2022-12-01,2022,0.3343626881446369,36.33,4.8,6.2,0.0,0.0,984912.0
NIC,2023-01-01,2023,0.3392634837107149,36.25,4.8,6.3,0.0,0.0,0.0
NIC,2023-02-01,2023,0.3392634837107149,36.25,4.8,6.3,0.0,0.0,0.0
NIC,2023-03-01,2023,0.3392634837107149,36.25,4.8,6.3,0.0,0.0,0.0
NIC,2023-04-01,2023,0.3392634837107149,36.25,4.8,6.3,0.0,0.0,0.0
NIC,2023-05-01,2023,0.3392634837107149,36.25,4.8,6.3,0.0,0.0,678997.0
NIC,2023-06-01,2023,0.3392634837107149,36.25,4.8,6.3,0.0,0.0,3123352.0
NIC,2023-07-01,2023,0.3392634837107149,36.25,4.8,6.3,0.0,0.0,0.0
NIC,2023-08-01,2023,0.3392634837107149,36.25,4.8,6.3,0.0,0.0,0.0
NIC,2023-09-01,2023,0.3392634837107149,36.25,4.8,6.3,0.0,0.0,0.0
NIC,2023-10-01,2023,0.346047905311989,36.25,4.8,6.3,0.0,0.1562,0.0
NIC,2023-11-01,2023,0.3392634837107149,36.25,4.8,6.3,0.0,0.0,548031.0
NIC,2023-12-01,2023,0.3392634837107149,36.25,4.8,6.3,0.0,0.0,0.0
NIC,2024-01-01,2024,0.3487394957983193,0.0,4.9,6.4,0.0,0.0,0.0
NIC,2024-02-01,2024,0.3487394957983193,0.0,4.9,6.4,0.0,0.0,0.0
NIC,2024-03-01,2024,0.3487394957983193,0.0,4.9,6.4,0.0,0.0,1663364.0
NIC,2024-04-01,2024,0.3487394957983193,0.0,4.9,6.4,0.0,0.0,1459227.0
NIC,2024-05-01,2024,0.3487394957983193,0.0,4.9,6.4,0.0,0.0,1530000.0
NIC,2024-06-01,2024,0.3487394957983193,0.0,4.9,6.4,0.0,0.0,462205.0
NIC,2024-07-01,2024,0.3487394957983193,0.0,4.9,6.4,0.0,0.0,0.0
NIC,2024-08-01,2024,0.3487394957983193,0.0,4.9,6.4,0.0,0.0,100000.0
NIC,2024-09-01,2024,0.3487394957983193,0.0,4.9,6.4,0.0,0.0,0.0
NIC,2024-10-01,2024,0.3487394957983193,0.0,4.9,6.4,0.0,0.0,1129908.0
NIC,2024-11-01,2024,0.3588596637438818,0.0,4.9,6.4,0.0699,0.0,0.0
NIC,2024-12-01,2024,0.3487394957983193,0.0,4.9,6.4,0.0,0.0,0.0
PAN,2019-01-01,2019,0.2881344512558628,10153.0,4.0,5.6,0.0,0.0,0.0
PAN,2019-02-01,2019,0.2881344512558628,10153.0,4.0,5.6,0.0,0.0,1746083.0
PAN,2019-03-01,2019,0.2881344512558628,10153.0,4.0,5.6,0.0,0.0,7419347.0
PAN,2019-04-01,2019,0.2881344512558628,10153.0,4.0,5.6,0.0,0.0,2158603.0
PAN,2019-05-01,2019,0.2881344512558628,10153.0,4.0,5.6,0.0,0.0,3126631.0
PAN,2019-06-01,2019,0.2881344512558628,10153.0,4.0,5.6,0.0,0.0,5428838.0
PAN,2019-07-01,2019,0.2881344512558628,10153.0,4.0,5.6,0.0,0.0,1431374.0
PAN,2019-08-01,2019,0.2881344512558628,10153.0,4.0,5.6,0.0,0.0,0.0
PAN,2019-09-01,2019,0.2881344512558628,10153.0,4.0,5.6,0.0,0.0,1556560.0
PAN,2019-10-01,2019,0.2881344512558628,10153.0,4.0,5.6,0.0,0.0,2824915.0
PAN,2019-11-01,2019,0.2881344512558628,10153.0,4.0,5.6,0.0,0.0,0.0
PAN,2019-12-01,2019,0.2881344512558628,10153.0,4.0,5.6,0.0,0.0,0.0
PAN,2020-01-01,2020,0.2725590581137053,10153.0,4.0,5.4,0.0,0.0,666473.0
PAN,2020-02-01,2020,0.2725590581137053,10153.0,4.0,5.4,0.0,0.0,2237787.0
PAN,2020-03-01,2020,0.2725590581137053,10153.0,4.0,5.4,0.0,0.0,1500458.0
PAN,2020-04-01,2020,0.2725590581137053,10153.0,4.0,5.4,0.0,0.0,8747618.0
PAN,2020-05-01,2020,0.2725590581137053,10153.0,4.0,5.4,0.0,0.0,2960980.0
PAN,2020-06-01,2020,0.2725590581137053,10153.0,4.0,5.4,0.0,0.0,14230876.0
PAN,2020-07-01,2020,0.2725590581137053,10153.0,4.0,5.4,0.0,0.0,8628863.0
PAN,2020-08-01,2020,0.31914947363419177,10153.0,4.0,5.4,0.3218,0.0,0.0
PAN,2020-09-01,2020,0.2725590581137053,10153.0,4.0,5.4,0.0,0.0,129063.0
PAN,2020-10-01,2020,0.2725590581137053,10153.0,4.0,5.4,0.0,0.0,940370.0
PAN,2020-11-01,2020,0.3531584500349446,10153.0,4.0,5.4,0.5567,0.0,3670994.0
PAN,2020-12-01,2020,0.2725590581137053,10153.0,4.0,5.4,0.0,0.0,602758.0
PAN,2021-01-01,2021,0.2810070564128938,10637.0,4.1,5.5,0.0,0.0,375618.0
PAN,2021-02-01,2021,0.2810070564128938,10637.0,4.1,5.5,0.0,0.0,7728133.0
PAN,2021-03-01,2021,0.2810070564128938,10637.0,4.1,5.5,0.0,0.0,1943163.0
PAN,2021-04-01,2021,0.2810070564128938,10637.0,4.1,5.5,0.0,0.0,588658.0
PAN,2021-05-01,2021,0.2810070564128938,10637.0,4.1,5.5,0.0,0.0,0.0
PAN,2021-06-01,2021,0.3188092860350163,10637.0,4.1,5.5,0.2611,0.0,7259987.0
PAN,2021-07-01,2021,0.33560384228230167,10637.0,4.1,5.5,0.3771,0.0,3582772.0
PAN,2021-08-01,2021,0.2810070564128938,10637.0,4.1,5.5,0.0,0.0,904923.0
PAN,2021-09-01,2021,0.2810070564128938,10637.0,4.1,5.5,0.0,0.0,0.0
PAN,2021-10-01,2021,0.2810070564128938,10637.0,4.1,5.5,0.0,0.0,0.0
PAN,2021-11-01,2021,0.2810070564128938,10637.0,4.1,5.5,0.0,0.0,0.0
PAN,2021-12-01,2021,0.2810070564128938,10637.0,4.1,5.5,0.0,0.0,932505.0
PAN,2022-01-01,2022,0.27231697114443193,10987.0,4.1,5.4,0.0,0.0,4771383.0
PAN,2022-02-01,2022,0.27231697114443193,10987.0,4.1,5.4,0.0,0.0,12821922.0
PAN,2022-03-01,2022,0.27231697114443193,10987.0,4.1,5.4,0.0,0.0,4950418.0
PAN,2022-04-01,2022,0.27231697114443193,10987.0,4.1,5.4,0.0,0.0,5984493.0
PAN,2022-05-01,2022,0.27231697114443193,10987.0,4.1,5.4,0.0,0.0,4418859.0
PAN,2022-06-01,2022,0.27231697114443193,10987.0,4.1,5.4,0.0,0.0,16370162.0
PAN,2022-07-01,2022,0.27231697114443193,10987.0,4.1,5.4,0.0,0.0,7390935.0
PAN,2022-08-01,2022,0.27231697114443193,10987.0,4.1,5.4,0.0,0.0,159302.0
PAN,2022-09-01,2022,0.27231697114443193,10987.0,4.1,5.4,0.0,0.0,1000000.0
PAN,2022-10-01,2022,0.27231697114443193,10987.0,4.1,5.4,0.0,0.0,0.0
PAN,2022-11-01,2022,0.29600308667939645,10987.0,4.1,5.4,0.1636,0.0,4989291.0
PAN,2022-12-01,2022,0.27231697114443193,10987.0,4.1,5.4,0.0,0.0,323385.0
PAN,2023-01-01,2023,0.29773866484011674,40707.0,4.5,5.5,0.0,0.0,0.0
PAN,2023-02-01,2023,0.29773866484011674,40707.0,4.5,5.5,0.0,0.0,2005107.0
PAN,2023-03-01,2023,0.29773866484011674,40707.0,4.5,5.5,0.0,0.0,1059168.0
PAN,2023-04-01,2023,0.29773866484011674,40707.0,4.5,5.5,0.0,0.0,244489.0
PAN,2023-05-01,2023,0.29773866484011674,40707.0,4.5,5.5,0.0,0.0,7870882.0
PAN,2023-06-01,2023,0.29773866484011674,40707.0,4.5,5.5,0.0,0.0,8600973.0
PAN,2023-07-01,2023,0.29773866484011674,40707.0,4.5,5.5,0.0,0.0,10933038.0
PAN,2023-08-01,2023,0.29773866484011674,40707.0,4.5,5.5,0.0,0.0,165198.0
PAN,2023-09-01,2023,0.29773866484011674,40707.0,4.5,5.5,0.0,0.0,7024399.0
PAN,2023-10-01,2023,0.29773866484011674,40707.0,4.5,5.5,0.0,0.0,0.0
PAN,2023-11-01,2023,0.29773866484011674,40707.0,4.5,5.5,0.0,0.0,1153452.0
PAN,2023-12-01,2023,0.29773866484011674,40707.0,4.5,5.5,0.0,0.0,932913.0
PAN,2024-01-01,2024,0.27691539257835485,42800.0,4.1,5.5,0.0,0.0,0.0
PAN,2024-02-01,2024,0.27691539257835485,42800.0,4.1,5.5,0.0,0.0,957396.0
PAN,2024-03-01,2024,0.27691539257835485,42800.0,4.1,5.5,0.0,0.0,2271688.0
PAN,2024-04-01,2024,0.27691539257835485,42800.0,4.1,5.5,0.0,0.0,1702827.0
PAN,2024-05-01,2024,0.27691539257835485,42800.0,4.1,5.5,0.0,0.0,0.0
PAN,2024-06-01,2024,0.27691539257835485,42800.0,4.1,5.5,0.0,0.0,3513618.0
PAN,2024-07-01,2024,0.27691539257835485,42800.0,4.1,5.5,0.0,0.0,0.0
PAN,2024-08-01,2024,0.27691539257835485,42800.0,4.1,5.5,0.0,0.0,2462272.0
PAN,2024-09-01,2024,0.27691539257835485,42800.0,4.1,5.5,0.0,0.0,0.0
PAN,2024-10-01,2024,0.27691539257835485,42800.0,4.1,5.5,0.0,0.0,1129908.0
PAN,2024-11-01,2024,0.3351172168146369,42800.0,4.1,5.5,0.402,0.0,11594448.0
PAN,2024-12-01,2024,0.27691539257835485,42800.0,4.1,5.5,0.0,0.0,0.0
PRI,2019-01-01,2019,0.2139855942376951,,,,0.0,0.0,0.0
PRI,2019-02-01,2019,0.2139855942376951,,,,0.0,0.0,0.0
PRI,2019-03-01,2019,0.2139855942376951,,,,0.0,0.0,19800.0
PRI,2019-04-01,2019,0.2139855942376951,,,,0.0,0.0,0.0
PRI,2019-05-01,2019,0.2139855942376951,,,,0.0,0.0,0.0
PRI,2019-06-01,2019,0.2139855942376951,,,,0.0,0.0,0.0
PRI,2019-07-01,2019,0.2139855942376951,,,,0.0,0.0,0.0
PRI,2019-08-01,2019,0.2139855942376951,,,,0.0,0.0,0.0
PRI,2019-09-01,2019,0.2248441435355089,,,,0.0,0.25,0.0
PRI,2019-10-01,2019,0.2139855942376951,,,,0.0,0.0,0.0
PRI,2019-11-01,2019,0.2139855942376951,,,,0.0,0.0,0.0
PRI,2019-12-01,2019,0.2639855942376951,,,,0.0,0.0,0.0
PRI,2020-01-01,2020,0.319103590473398,,,,0.3807,0.0,0.0
PRI,2020-02-01,2020,0.2139855942376951,,,,0.0,0.0,0.0
PRI,2020-03-01,2020,0.2139855942376951,,,,0.0,0.0,0.0
PRI,2020-04-01,2020,0.2139855942376951,,,,0.0,0.0,0.0
PRI,2020-05-01,2020,0.2376717097726596,,,,0.1636,0.0,0.0
PRI,2020-06-01,2020,0.2139855942376951,,,,0.0,0.0,0.0
PRI,2020-07-01,2020,0.2639855942376951,,,,0.0,0.0,0.0
PRI,2020-08-01,2020,0.23258411747499058,,,,0.0441,0.2812,0.0
PRI,2020-09-01,2020,0.2639855942376951,,,,0.0,0.0,0.0
PRI,2020-10-01,2020,0.2139855942376951,,,,0.0,0.0,0.0
PRI,2020-11-01,2020,0.2139855942376951,,,,0.0,0.0,0.0
PRI,2020-12-01,2020,0.2139855942376951,,,,0.0,0.0,0.0
PRI,2021-01-01,2021,0.2139855942376951,,,,0.0,0.0,0.0
PRI,2021-02-01,2021,0.2139855942376951,,,,0.0,0.0,0.0
PRI,2021-03-01,2021,0.2139855942376951,,,,0.0,0.0,0.0
PRI,2021-04-01,2021,0.2139855942376951,,,,0.0,0.0,0.0
PRI,2021-05-01,2021,0.2139855942376951,,,,0.0,0.0,0.0
PRI,2021-06-01,2021,0.2139855942376951,,,,0.0,0.0,0.0
PRI,2021-07-01,2021,0.2139855942376951,,,,0.0,0.0,0.0
PRI,2021-08-01,2021,0.2139855942376951,,,,0.0,0.0,0.0
PRI,2021-09-01,2021,0.2139855942376951,,,,0.0,0.0,0.0
PRI,2021-10-01,2021,0.2139855942376951,,,,0.0,0.0,0.0
PRI,2021-11-01,2021,0.2139855942376951,,,,0.0,0.0,0.0
PRI,2021-12-01,2021,0.2139855942376951,,,,0.0,0.0,0.0
PRI,2022-01-01,2022,0.2139855942376951,,,,0.0,0.0,0.0
PRI,2022-02-01,2022,0.2639855942376951,,,,0.0,0.0,0.0
PRI,2022-03-01,2022,0.2139855942376951,,,,0.0,0.0,0.0
PRI,2022-04-01,2022,0.2139855942376951,,,,0.0,0.0,0.0
PRI,2022-05-01,2022,0.2139855942376951,,,,0.0,0.0,0.0
PRI,2022-06-01,2022,0.2139855942376951,,,,0.0,0.0,0.0
PRI,2022-07-01,2022,0.2139855942376951,,,,0.0,0.0,0.0
PRI,2022-08-01,2022,0.2139855942376951,,,,0.0,0.0,0.0
PRI,2022-09-01,2022,0.31437505420584333,,,,0.2074,0.4688,0.0
PRI,2022-10-01,2022,0.2139855942376951,,,,0.0,0.0,0.0
PRI,2022-11-01,2022,0.2139855942376951,,,,0.0,0.0,0.0
PRI,2022-12-01,2022,0.2139855942376951,,,,0.0,0.0,0.0
PRI,2023-01-01,2023,0.2139855942376951,0.0,,,0.0,0.0,0.0
PRI,2023-02-01,2023,0.2139855942376951,0.0,,,0.0,0.0,0.0
PRI,2023-03-01,2023,0.2139855942376951,0.0,,,0.0,0.0,0.0
PRI,2023-04-01,2023,0.2139855942376951,0.0,,,0.0,0.0,0.0
PRI,2023-05-01,2023,0.2139855942376951,0.0,,,0.0,0.0,0.0
PRI,2023-06-01,2023,0.2139855942376951,0.0,,,0.0,0.0,0.0
PRI,2023-07-01,2023,0.2139855942376951,0.0,,,0.0,0.0,0.0
PRI,2023-08-01,2023,0.2139855942376951,0.0,,,0.0,0.0,0.0
PRI,2023-09-01,2023,0.2139855942376951,0.0,,,0.0,0.0,0.0
PRI,2023-10-01,2023,0.2139855942376951,0.0,,,0.0,0.0,0.0
PRI,2023-11-01,2023,0.2139855942376951,0.0,,,0.0,0.0,0.0
PRI,2023-12-01,2023,0.2139855942376951,0.0,,,0.0,0.0,0.0
PRI,2024-01-01,2024,0.2139855942376951,0.0,,,0.0,0.0,0.0
PRI,2024-02-01,2024,0.2139855942376951,0.0,,,0.0,0.0,0.0
PRI,2024-03-01,2024,0.2139855942376951,0.0,,,0.0,0.0,0.0
PRI,2024-04-01,2024,0.2639855942376951,0.0,,,0.0,0.0,0.0
PRI,2024-05-01,2024,0.2139855942376951,0.0,,,0.0,0.0,0.0
PRI,2024-06-01,2024,0.2139855942376951,0.0,,,0.0,0.0,0.0
PRI,2024-07-01,2024,0.2139855942376951,0.0,,,0.0,0.0,0.0
PRI,2024-08-01,2024,0.2639855942376951,0.0,,,0.0,0.0,0.0
PRI,2024-09-01,2024,0.2139855942376951,0.0,,,0.0,0.0,0.0
PRI,2024-10-01,2024,0.2139855942376951,0.0,,,0.0,0.0,0.0
PRI,2024-11-01,2024,0.2139855942376951,0.0,,,0.0,0.0,0.0
PRI,2024-12-01,2024,0.2139855942376951,0.0,,,0.0,0.0,0.0
SLV,2019-01-01,2019,0.1601575343736562,6.42,3.7,3.8,0.0,0.0,0.0
SLV,2019-02-01,2019,0.1601575343736562,6.42,3.7,3.8,0.0,0.0,0.0
SLV,2019-03-01,2019,0.1601575343736562,6.42,3.7,3.8,0.0,0.0,0.0
SLV,2019-04-01,2019,0.1601575343736562,6.42,3.7,3.8,0.0,0.0,0.0
SLV,2019-05-01,2019,0.19053251627607404,6.42,3.7,3.8,0.2098,0.0,0.0
SLV,2019-06-01,2019,0.1601575343736562,6.42,3.7,3.8,0.0,0.0,0.0
SLV,2019-07-01,2019,0.1601575343736562,6.42,3.7,3.8,0.0,0.0,2262859.0
SLV,2019-08-01,2019,0.1601575343736562,6.42,3.7,3.8,0.0,0.0,0.0
SLV,2019-09-01,2019,0.1601575343736562,6.42,3.7,3.8,0.0,0.0,0.0
SLV,2019-10-01,2019,0.1601575343736562,6.42,3.7,3.8,0.0,0.0,0.0
SLV,2019-11-01,2019,0.1601575343736562,6.42,3.7,3.8,0.0,0.0,477282.0
SLV,2019-12-01,2019,0.1601575343736562,6.42,3.7,3.8,0.0,0.0,0.0
SLV,2020-01-01,2020,0.15528470404523415,8.42,3.7,3.7,0.0,0.0,297702.0
SLV,2020-02-01,2020,0.15528470404523415,8.42,3.7,3.7,0.0,0.0,0.0
SLV,2020-03-01,2020,0.15528470404523415,8.42,3.7,3.7,0.0,0.0,0.0
SLV,2020-04-01,2020,0.15528470404523415,8.42,3.7,3.7,0.0,0.0,210962.0
SLV,2020-05-01,2020,0.2437746417895515,8.42,3.7,3.7,0.6112,0.0,324000.0
SLV,2020-06-01,2020,0.15528470404523415,8.42,3.7,3.7,0.0,0.0,2173533.0
SLV,2020-07-01,2020,0.15528470404523415,8.42,3.7,3.7,0.0,0.0,3199884.0
SLV,2020-08-01,2020,0.15528470404523415,8.42,3.7,3.7,0.0,0.0,0.0
SLV,2020-09-01,2020,0.15528470404523415,8.42,3.7,3.7,0.0,0.0,45477.0
SLV,2020-10-01,2020,0.15528470404523415,8.42,3.7,3.7,0.0,0.0,549295.0
SLV,2020-11-01,2020,0.17117293337779532,8.42,3.7,3.7,0.0441,0.2188,480000.0
SLV,2020-12-01,2020,0.15528470404523415,8.42,3.7,3.7,0.0,0.0,19908.0
SLV,2021-01-01,2021,0.15025913067562316,13.67,3.6,3.7,0.0,0.0,365048.0
SLV,2021-02-01,2021,0.15025913067562316,13.67,3.6,3.7,0.0,0.0,712500.0
SLV,2021-03-01,2021,0.15025913067562316,13.67,3.6,3.7,0.0,0.0,154142.0
SLV,2021-04-01,2021,0.15025913067562316,13.67,3.6,3.7,0.0,0.0,1191422.0
SLV,2021-05-01,2021,0.15025913067562316,13.67,3.6,3.7,0.0,0.0,7000000.0
SLV,2021-06-01,2021,0.15025913067562316,13.67,3.6,3.7,0.0,0.0,1250060.0
SLV,2021-07-01,2021,0.15025913067562316,13.67,3.6,3.7,0.0,0.0,0.0
SLV,2021-08-01,2021,0.15025913067562316,13.67,3.6,3.7,0.0,0.0,0.0
SLV,2021-09-01,2021,0.19372228399833924,13.67,3.6,3.7,0.3002,0.0,0.0
SLV,2021-10-01,2021,0.15025913067562316,13.67,3.6,3.7,0.0,0.0,157233.0
SLV,2021-11-01,2021,0.15025913067562316,13.67,3.6,3.7,0.0,0.0,970734.0
SLV,2021-12-01,2021,0.15025913067562316,13.67,3.6,3.7,0.0,0.0,337839.0
SLV,2022-01-01,2022,0.14024784646101002,13.17,3.5,3.6,0.0,0.0,311886.0
SLV,2022-02-01,2022,0.14024784646101002,13.17,3.5,3.6,0.0,0.0,11997902.0
SLV,2022-03-01,2022,0.14024784646101002,13.17,3.5,3.6,0.0,0.0,391543.0
SLV,2022-04-01,2022,0.14024784646101002,13.17,3.5,3.6,0.0,0.0,15484205.0
SLV,2022-05-01,2022,0.14024784646101002,13.17,3.5,3.6,0.0,0.0,380000.0
SLV,2022-06-01,2022,0.14024784646101002,13.17,3.5,3.6,0.0,0.0,9326473.0
SLV,2022-07-01,2022,0.16842216237240426,13.17,3.5,3.6,0.1946,0.0,7032500.0
SLV,2022-08-01,2022,0.14024784646101002,13.17,3.5,3.6,0.0,0.0,448057.0
SLV,2022-09-01,2022,0.14024784646101002,13.17,3.5,3.6,0.0,0.0,1500000.0
SLV,2022-10-01,2022,0.21497493492199166,13.17,3.5,3.6,0.4505,0.2188,0.0
SLV,2022-11-01,2022,0.14024784646101002,13.17,3.5,3.6,0.0,0.0,754412.0
SLV,2022-12-01,2022,0.14024784646101002,13.17,3.5,3.6,0.0,0.0,232678.0
SLV,2023-01-01,2023,0.18092006963488405,30.75,4.1,3.8,0.0,0.0,275000.0
SLV,2023-02-01,2023,0.18092006963488405,30.75,4.1,3.8,0.0,0.0,1399999.0
SLV,2023-03-01,2023,0.18092006963488405,30.75,4.1,3.8,0.0,0.0,0.0
SLV,2023-04-01,2023,0.18092006963488405,30.75,4.1,3.8,0.0,0.0,557414.0
SLV,2023-05-01,2023,0.18092006963488405,30.75,4.1,3.8,0.0,0.0,8456472.0
SLV,2023-06-01,2023,0.18092006963488405,30.75,4.1,3.8,0.0,0.0,5494302.0
SLV,2023-07-01,2023,0.18092006963488405,30.75,4.1,3.8,0.0,0.0,930665.0
SLV,2023-08-01,2023,0.18092006963488405,30.75,4.1,3.8,0.0,0.0,0.0
SLV,2023-09-01,2023,0.18092006963488405,30.75,4.1,3.8,0.0,0.0,5900001.0
SLV,2023-10-01,2023,0.22305124091040163,30.75,4.1,3.8,0.291,0.0,425080.0
SLV,2023-11-01,2023,0.18092006963488405,30.75,4.1,3.8,0.0,0.0,1302802.0
SLV,2023-12-01,2023,0.18092006963488405,30.75,4.1,3.8,0.0,0.0,353483.0
SLV,2024-01-01,2024,0.1760460740882263,32.67,4.1,3.7,0.0,0.0,0.0
SLV,2024-02-01,2024,0.1760460740882263,32.67,4.1,3.7,0.0,0.0,957396.0
SLV,2024-03-01,2024,0.1760460740882263,32.67,4.1,3.7,0.0,0.0,3705265.0
SLV,2024-04-01,2024,0.1760460740882263,32.67,4.1,3.7,0.0,0.0,1459227.0
SLV,2024-05-01,2024,0.1760460740882263,32.67,4.1,3.7,0.0,0.0,0.0
SLV,2024-06-01,2024,0.2464094735380598,32.67,4.1,3.7,0.486,0.0,2068627.0
SLV,2024-07-01,2024,0.1760460740882263,32.67,4.1,3.7,0.0,0.0,3600000.0
SLV,2024-08-01,2024,0.1760460740882263,32.67,4.1,3.7,0.0,0.0,70000.0
SLV,2024-09-01,2024,0.1760460740882263,32.67,4.1,3.7,0.0,0.0,1276347.0
SLV,2024-10-01,2024,0.1760460740882263,32.67,4.1,3.7,0.0,0.0,1769341.0
SLV,2024-11-01,2024,0.205204898469289,32.67,4.1,3.7,0.2014,0.0,251678.0
SLV,2024-12-01,2024,0.1760460740882263,32.67,4.1,3.7,0.0,0.0,470000.0
SUR,2019-01-01,2019,0.18985947051539942,122.5,3.0,5.1,0.0,0.0,0.0
SUR,2019-02-01,2019,0.18985947051539942,122.5,3.0,5.1,0.0,0.0,0.0
SUR,2019-03-01,2019,0.18985947051539942,122.5,3.0,5.1,0.0,0.0,0.0
SUR,2019-04-01,2019,0.18985947051539942,122.5,3.0,5.1,0.0,0.0,0.0
SUR,2019-05-01,2019,0.18985947051539942,122.5,3.0,5.1,0.0,0.0,0.0
SUR,2019-06-01,2019,0.18985947051539942,122.5,3.0,5.1,0.0,0.0,0.0
SUR,2019-07-01,2019,0.18985947051539942,122.5,3.0,5.1,0.0,0.0,0.0
SUR,2019-08-01,2019,0.18985947051539942,122.5,3.0,5.1,0.0,0.0,0.0
SUR,2019-09-01,2019,0.18985947051539942,122.5,3.0,5.1,0.0,0.0,0.0
SUR,2019-10-01,2019,0.18985947051539942,122.5,3.0,5.1,0.0,0.0,0.0
SUR,2019-11-01,2019,0.18985947051539942,122.5,3.0,5.1,0.0,0.0,0.0
SUR,2019-12-01,2019,0.18985947051539942,122.5,3.0,5.1,0.0,0.0,0.0
SUR,2020-01-01,2020,0.18560930368166106,167.25,3.0,5.0,0.0,0.0,0.0
SUR,2020-02-01,2020,0.18560930368166106,167.25,3.0,5.0,0.0,0.0,0.0
SUR,2020-03-01,2020,0.18560930368166106,167.25,3.0,5.0,0.0,0.0,0.0
SUR,2020-04-01,2020,0.18560930368166106,167.25,3.0,5.0,0.0,0.0,0.0
SUR,2020-05-01,2020,0.18560930368166106,167.25,3.0,5.0,0.0,0.0,0.0
SUR,2020-06-01,2020,0.18560930368166106,167.25,3.0,5.0,0.0,0.0,0.0
SUR,2020-07-01,2020,0.18560930368166106,167.25,3.0,5.0,0.0,0.0,0.0
SUR,2020-08-01,2020,0.18560930368166106,167.25,3.0,5.0,0.0,0.0,346286.0
SUR,2020-09-01,2020,0.18560930368166106,167.25,3.0,5.0,0.0,0.0,0.0
SUR,2020-10-01,2020,0.18560930368166106,167.25,3.0,5.0,0.0,0.0,0.0
SUR,2020-11-01,2020,0.18560930368166106,167.25,3.0,5.0,0.0,0.0,0.0
SUR,2020-12-01,2020,0.18560930368166106,167.25,3.0,5.0,0.0,0.0,18114.0
SUR,2021-01-01,2021,0.20070344881167498,180.17,3.1,5.2,0.0,0.0,0.0
SUR,2021-02-01,2021,0.20070344881167498,180.17,3.1,5.2,0.0,0.0,0.0
SUR,2021-03-01,2021,0.20070344881167498,180.17,3.1,5.2,0.0,0.0,0.0
SUR,2021-04-01,2021,0.24422451439731274,180.17,3.1,5.2,0.3006,0.0,0.0
SUR,2021-05-01,2021,0.20070344881167498,180.17,3.1,5.2,0.0,0.0,0.0
SUR,2021-06-01,2021,0.20070344881167498,180.17,3.1,5.2,0.0,0.0,15723.0
SUR,2021-07-01,2021,0.20070344881167498,180.17,3.1,5.2,0.0,0.0,0.0
SUR,2021-08-01,2021,0.20070344881167498,180.17,3.1,5.2,0.0,0.0,0.0
SUR,2021-09-01,2021,0.20070344881167498,180.17,3.1,5.2,0.0,0.0,0.0
SUR,2021-10-01,2021,0.20070344881167498,180.17,3.1,5.2,0.0,0.0,0.0
SUR,2021-11-01,2021,0.20070344881167498,180.17,3.1,5.2,0.0,0.0,0.0
SUR,2021-12-01,2021,0.20070344881167498,180.17,3.1,5.2,0.0,0.0,0.0
SUR,2022-01-01,2022,0.20139991181208122,214.25,3.2,5.1,0.0,0.0,0.0
SUR,2022-02-01,2022,0.20139991181208122,214.25,3.2,5.1,0.0,0.0,0.0
SUR,2022-03-01,2022,0.2443852889656935,214.25,3.2,5.1,0.2969,0.0,0.0
SUR,2022-04-01,2022,0.20139991181208122,214.25,3.2,5.1,0.0,0.0,0.0
SUR,2022-05-01,2022,0.20139991181208122,214.25,3.2,5.1,0.0,0.0,0.0
SUR,2022-06-01,2022,0.20139991181208122,214.25,3.2,5.1,0.0,0.0,0.0
SUR,2022-07-01,2022,0.20139991181208122,214.25,3.2,5.1,0.0,0.0,0.0
SUR,2022-08-01,2022,0.20139991181208122,214.25,3.2,5.1,0.0,0.0,219780.0
SUR,2022-09-01,2022,0.20139991181208122,214.25,3.2,5.1,0.0,0.0,0.0
SUR,2022-10-01,2022,0.20139991181208122,214.25,3.2,5.1,0.0,0.0,0.0
SUR,2022-11-01,2022,0.20139991181208122,214.25,3.2,5.1,0.0,0.0,0.0
SUR,2022-12-01,2022,0.20139991181208122,214.25,3.2,5.1,0.0,0.0,0.0
SUR,2023-01-01,2023,0.20147521404056112,219.42,3.2,5.1,0.0,0.0,0.0
SUR,2023-02-01,2023,0.20147521404056112,219.42,3.2,5.1,0.0,0.0,0.0
SUR,2023-03-01,2023,0.20147521404056112,219.42,3.2,5.1,0.0,0.0,0.0
SUR,2023-04-01,2023,0.20147521404056112,219.42,3.2,5.1,0.0,0.0,0.0
SUR,2023-05-01,2023,0.20147521404056112,219.42,3.2,5.1,0.0,0.0,0.0
SUR,2023-06-01,2023,0.20147521404056112,219.42,3.2,5.1,0.0,0.0,0.0
SUR,2023-07-01,2023,0.20147521404056112,219.42,3.2,5.1,0.0,0.0,0.0
SUR,2023-08-01,2023,0.20147521404056112,219.42,3.2,5.1,0.0,0.0,0.0
SUR,2023-09-01,2023,0.20147521404056112,219.42,3.2,5.1,0.0,0.0,0.0
SUR,2023-10-01,2023,0.20147521404056112,219.42,3.2,5.1,0.0,0.0,0.0
SUR,2023-11-01,2023,0.20147521404056112,219.42,3.2,5.1,0.0,0.0,0.0
SUR,2023-12-01,2023,0.20147521404056112,219.42,3.2,5.1,0.0,0.0,92234.0
SUR,2024-01-01,2024,0.19711104767196969,270.08,3.1,5.1,0.0,0.0,0.0
SUR,2024-02-01,2024,0.19711104767196969,270.08,3.1,5.1,0.0,0.0,0.0
SUR,2024-03-01,2024,0.19711104767196969,270.08,3.1,5.1,0.0,0.0,0.0
SUR,2024-04-01,2024,0.19711104767196969,270.08,3.1,5.1,0.0,0.0,0.0
SUR,2024-05-01,2024,0.19711104767196969,270.08,3.1,5.1,0.0,0.0,0.0
SUR,2024-06-01,2024,0.19711104767196969,270.08,3.1,5.1,0.0,0.0,4627282.0
SUR,2024-07-01,2024,0.19711104767196969,270.08,3.1,5.1,0.0,0.0,0.0
SUR,2024-08-01,2024,0.19711104767196969,270.08,3.1,5.1,0.0,0.0,0.0
SUR,2024-09-01,2024,0.19711104767196969,270.08,3.1,5.1,0.0,0.0,0.0
SUR,2024-10-01,2024,0.19711104767196969,270.08,3.1,5.1,0.0,0.0,0.0
SUR,2024-11-01,2024,0.19711104767196969,270.08,3.1,5.1,0.0,0.0,65227.0
SUR,2024-12-01,2024,0.19711104767196969,270.08,3.1,5.1,0.0,0.0,0.0
TTO,2019-01-01,2019,0.14428034747423268,2014.0,3.2,3.4,0.0,0.0,0.0
TTO,2019-02-01,2019,0.14428034747423268,2014.0,3.2,3.4,0.0,0.0,1490313.0
TTO,2019-03-01,2019,0.14428034747423268,2014.0,3.2,3.4,0.0,0.0,6982110.0
TTO,2019-04-01,2019,0.14428034747423268,2014.0,3.2,3.4,0.0,0.0,2258603.0
TTO,2019-05-01,2019,0.14428034747423268,2014.0,3.2,3.4,0.0,0.0,3182883.0
TTO,2019-06-01,2019,0.14428034747423268,2014.0,3.2,3.4,0.0,0.0,3806222.0
TTO,2019-07-01,2019,0.14428034747423268,2014.0,3.2,3.4,0.0,0.0,3344192.0
TTO,2019-08-01,2019,0.14428034747423268,2014.0,3.2,3.4,0.0,0.0,0.0
TTO,2019-09-01,2019,0.14428034747423268,2014.0,3.2,3.4,0.0,0.0,1336248.0
TTO,2019-10-01,2019,0.14428034747423268,2014.0,3.2,3.4,0.0,0.0,3674916.0
TTO,2019-11-01,2019,0.14428034747423268,2014.0,3.2,3.4,0.0,0.0,0.0
TTO,2019-12-01,2019,0.14428034747423268,2014.0,3.2,3.4,0.0,0.0,0.0
TTO,2020-01-01,2020,0.13897822662589335,2014.0,3.0,3.5,0.0,0.0,666473.0
TTO,2020-02-01,2020,0.13897822662589335,2014.0,3.0,3.5,0.0,0.0,2237787.0
TTO,2020-03-01,2020,0.13897822662589335,2014.0,3.0,3.5,0.0,0.0,1142682.0
TTO,2020-04-01,2020,0.13897822662589335,2014.0,3.0,3.5,0.0,0.0,8200100.0
TTO,2020-05-01,2020,0.13897822662589335,2014.0,3.0,3.5,0.0,0.0,3713721.0
TTO,2020-06-01,2020,0.13897822662589335,2014.0,3.0,3.5,0.0,0.0,12462035.0
TTO,2020-07-01,2020,0.14739577404155862,2014.0,3.0,3.5,0.0,0.1938,7585819.0
TTO,2020-08-01,2020,0.13897822662589335,2014.0,3.0,3.5,0.0,0.0,382286.0
TTO,2020-09-01,2020,0.13897822662589335,2014.0,3.0,3.5,0.0,0.0,123601.0
TTO,2020-10-01,2020,0.13897822662589335,2014.0,3.0,3.5,0.0,0.0,0.0
TTO,2020-11-01,2020,0.13897822662589335,2014.0,3.0,3.5,0.0,0.0,3060347.0
TTO,2020-12-01,2020,0.13897822662589335,2014.0,3.0,3.5,0.0,0.0,480486.0
TTO,2021-01-01,2021,0.14188706117976635,2564.0,2.9,3.5,0.0,0.0,361486.0
TTO,2021-02-01,2021,0.14188706117976635,2564.0,2.9,3.5,0.0,0.0,7728133.0
TTO,2021-03-01,2021,0.14188706117976635,2564.0,2.9,3.5,0.0,0.0,463373.0
TTO,2021-04-01,2021,0.14188706117976635,2564.0,2.9,3.5,0.0,0.0,588658.0
TTO,2021-05-01,2021,0.14188706117976635,2564.0,2.9,3.5,0.0,0.0,0.0
TTO,2021-06-01,2021,0.14188706117976635,2564.0,2.9,3.5,0.0,0.0,7622200.0
TTO,2021-07-01,2021,0.14188706117976635,2564.0,2.9,3.5,0.0,0.0,2082772.0
TTO,2021-08-01,2021,0.14188706117976635,2564.0,2.9,3.5,0.0,0.0,4.0
TTO,2021-09-01,2021,0.14188706117976635,2564.0,2.9,3.5,0.0,0.0,39412.0
TTO,2021-10-01,2021,0.14188706117976635,2564.0,2.9,3.5,0.0,0.0,0.0
TTO,2021-11-01,2021,0.14188706117976635,2564.0,2.9,3.5,0.0,0.0,0.0
TTO,2021-12-01,2021,0.14188706117976635,2564.0,2.9,3.5,0.0,0.0,0.0
TTO,2022-01-01,2022,0.14104879899233566,2843.0,2.9,3.4,0.0,0.0,5134230.0
TTO,2022-02-01,2022,0.14104879899233566,2843.0,2.9,3.4,0.0,0.0,801213.0
TTO,2022-03-01,2022,0.14104879899233566,2843.0,2.9,3.4,0.0,0.0,15150871.0
TTO,2022-04-01,2022,0.14104879899233566,2843.0,2.9,3.4,0.0,0.0,1937880.0
TTO,2022-05-01,2022,0.14104879899233566,2843.0,2.9,3.4,0.0,0.0,683496.0
TTO,2022-06-01,2022,0.1505522013377823,2843.0,2.9,3.4,0.0,0.2188,2910630.0
TTO,2022-07-01,2022,0.14104879899233566,2843.0,2.9,3.4,0.0,0.0,1171598.0
TTO,2022-08-01,2022,0.14104879899233566,2843.0,2.9,3.4,0.0,0.0,59302.0
TTO,2022-09-01,2022,0.14104879899233566,2843.0,2.9,3.4,0.0,0.0,1461279.0
TTO,2022-10-01,2022,0.14104879899233566,2843.0,2.9,3.4,0.0,0.0,340478.0
TTO,2022-11-01,2022,0.1953994577443264,2843.0,2.9,3.4,0.3754,0.0,4989291.0
TTO,2022-12-01,2022,0.14104879899233566,2843.0,2.9,3.4,0.0,0.0,5303.0
TTO,2023-01-01,2023,0.16782158899390215,3644.0,3.1,3.5,0.0,0.0,0.0
TTO,2023-02-01,2023,0.16782158899390215,3644.0,3.1,3.5,0.0,0.0,0.0
TTO,2023-03-01,2023,0.16782158899390215,3644.0,3.1,3.5,0.0,0.0,598777.0
TTO,2023-04-01,2023,0.16782158899390215,3644.0,3.1,3.5,0.0,0.0,404489.0
TTO,2023-05-01,2023,0.16782158899390215,3644.0,3.1,3.5,0.0,0.0,356291.0
TTO,2023-06-01,2023,0.16782158899390215,3644.0,3.1,3.5,0.0,0.0,7600248.0
TTO,2023-07-01,2023,0.16782158899390215,3644.0,3.1,3.5,0.0,0.0,822245.0
TTO,2023-08-01,2023,0.16782158899390215,3644.0,3.1,3.5,0.0,0.0,0.0
TTO,2023-09-01,2023,0.16782158899390215,3644.0,3.1,3.5,0.0,0.0,1330999.0
TTO,2023-10-01,2023,0.16782158899390215,3644.0,3.1,3.5,0.0,0.0,0.0
TTO,2023-11-01,2023,0.16782158899390215,3644.0,3.1,3.5,0.0,0.0,171830.0
TTO,2023-12-01,2023,0.16782158899390215,3644.0,3.1,3.5,0.0,0.0,0.0
TTO,2024-01-01,2024,0.16397215778091592,3730.0,3.0,3.5,0.0,0.0,0.0
TTO,2024-02-01,2024,0.16397215778091592,3730.0,3.0,3.5,0.0,0.0,0.0
TTO,2024-03-01,2024,0.16397215778091592,3730.0,3.0,3.5,0.0,0.0,0.0
TTO,2024-04-01,2024,0.16397215778091592,3730.0,3.0,3.5,0.0,0.0,0.0
TTO,2024-05-01,2024,0.16397215778091592,3730.0,3.0,3.5,0.0,0.0,0.0
TTO,2024-06-01,2024,0.16397215778091592,3730.0,3.0,3.5,0.0,0.0,7146738.0
TTO,2024-07-01,2024,0.16397215778091592,3730.0,3.0,3.5,0.0,0.0,0.0
TTO,2024-08-01,2024,0.16397215778091592,3730.0,3.0,3.5,0.0,0.0,3054854.0
TTO,2024-09-01,2024,0.16397215778091592,3730.0,3.0,3.5,0.0,0.0,0.0
TTO,2024-10-01,2024,0.16397215778091592,3730.0,3.0,3.5,0.0,0.0,0.0
TTO,2024-11-01,2024,0.16397215778091592,3730.0,3.0,3.5,0.0,0.0,1000000.0
TTO,2024-12-01,2024,0.16397215778091592,3730.0,3.0,3.5,0.0,0.0,0.0
